packet_rate,payload_entropy,conn_duration,failed_logins,port_scan_count,target
-0.1407116533545384,0.4623174461402022,-1.9809811623833857,1.8846281281805042,2.4603792103838855,1
-1.7068249056735971,-2.1530250851111457,-0.010907230924982247,-0.31774131021994734,-3.0005111770821395,1
-2.3225782435363236,-1.324659175122053,-2.507759064970773,-0.4809315706766858,-0.40921382390175776,0
-2.1333765865145944,-1.5889808263086853,-2.543749463209095,-0.033608577069102474,-0.3689352761521776,0
-1.6440352622607222,-0.8480804214657275,1.4777018078433268,1.1996695167829818,-3.1874942786600275,0
-2.272978428772871,-1.251045689751083,-0.19974351995421524,1.5423503483335455,-2.286268246930457,1
-0.45635532138772095,0.2754532267547042,0.9421832019722153,0.7051778205564232,-0.9588489588752158,1
2.241907819011524,0.2734417370594189,0.9680246588821307,-0.13777602472777384,0.9571131061072466,1
2.1935989987790574,-0.012809382636589595,-0.0726812355351063,-0.21046982492725752,1.7088808756952385,1
-1.369391999839072,-0.894900749881922,-0.7256883853213603,2.2449630106354737,-0.7044186624906219,1
-1.5891106539812805,-0.1581984078713079,0.9396159582207594,2.5694668368961873,-1.8898218784964735,0
-1.5973533237636193,-0.37168394531214466,1.048037926498861,1.0599520238189146,-2.3834006825994916,0
1.8489591058896395,-3.1641159897384417,-0.018854058251124073,-1.1860508701248933,-1.1773447135347657,0
-2.344181102215802,-1.5029859949890825,2.3613340741262805,0.6720787737228049,-5.169564185941951,0
-0.26616187111712697,-1.1404844647564014,-1.7664978389173354,-0.8929039003797665,0.5201118010803154,1
-1.0662251119204096,-2.595772114691165,2.104998227836471,0.1465790693878538,-4.8589586479578255,0
-1.7124062073241295,-1.4311228149867834,-2.1626550553157102,-0.24014166663896408,-0.3283148070129709,0
-0.02257757807248728,1.364964128776403,-1.8885282944749657,4.1235587902342665,3.47714441858649,1
-2.4606985118660796,-1.894750176196808,0.0689308993956732,1.3408813317401997,-3.2183901858196022,1
1.2636412591483732,-1.7702231443413439,-0.42973094886352503,-1.1635889324106818,-0.144278566037235,0
-0.48133585421754876,-0.5223817894402597,0.21767871214936463,0.3507933298535211,-0.9339846297460493,0
-1.5431919317544613,-3.2245547008298336,-0.6186874506286333,-0.937736492541533,-3.194907554918963,1
1.2661636538469678,-2.868461205625464,0.4621297313762921,0.8032943539545002,-1.5812584253699185,0
1.1659782232701277,1.4704224765625393,0.6056775602860305,-1.30566591626319,1.2449033763916746,1
-0.8203386859279499,-0.7823982598214254,-0.3542449358700419,-1.5454220919439465,-1.1051277573043414,0
-0.8337719118947864,-0.9097208025505487,0.8470908228050251,1.815080253036726,-1.909112505579913,0
-0.19433001854964338,0.11577120736810453,-1.717246976758097,1.1161811073705787,1.7835256978453278,1
-2.4704923168698705,-1.3577407849826668,0.07809985247500983,2.642729196948772,-2.634137977263004,1
-0.13299153799863728,1.259808814562088,0.4467680936160794,-0.2663855669229793,0.3937361326100942,1
-2.1776439702662387,-1.228618246506915,1.9954716738527813,-1.7928907007281674,-4.825458334359926,0
-1.0321447000559003,-0.6510527560258362,-2.2710915741862987,2.1572852521067594,1.2434437235414721,1
0.137233463499161,-0.9308463918973078,-0.66748242253714,-0.8002899732862074,-0.07344345851154488,0
-1.8700562327343588,0.385778940529409,-1.23568781789202,-2.7259719360636536,-0.3126128262608583,0
-1.0542797634704366,-2.0909505543265583,-0.8951656869155254,0.07592018372891718,-1.530576515794026,0
0.8185108494008516,2.0418997588234378,2.073465362270318,1.3768240584917417,0.36598513100666397,1
-1.3338971589461512,-0.7795951102096593,1.070972923601178,0.3058135049112377,-2.6270399967763534,1
0.7783764118997236,-3.1750366006389523,1.0116921065642697,1.993848715939333,-2.5586176301263035,0
-1.1616637098508393,-2.487118917700305,2.2238745001069375,0.5089861297671843,-4.912709717286556,0
-0.5316881960701589,-1.648411419007137,0.15009852420965686,-1.0217951523591466,-1.9713417693820419,1
1.4773271241498378,-2.9309259778964734,-0.22060953520941606,1.813777773867585,-0.6539935871608802,0
-0.43384352900193257,-0.7327898060182135,-1.7531851457144663,-0.6486779486264423,0.7282123623031256,0
-1.7175157789597666,-0.8330261357122728,0.3150178554635048,2.4407660386259935,-1.9147580056322897,1
-0.35954952819212604,-0.9097212630206212,-1.6942545132490983,0.3068918333199717,0.7278361383837577,1
3.168690147869615,1.324462334413315,0.3590302524728808,-2.4188055100435655,2.746193660667331,0
-2.4420722292747614,1.533720580587807,0.5889545204374806,2.733888711863975,-0.8702998160714894,0
-2.757419055117317,-0.9279444103978141,2.509447197675914,2.423997056789825,-4.936187440124751,0
0.15611288377941213,-1.6000995728746066,0.5455547214353711,1.61044089128959,-1.4182320747142247,0
-0.7455117841939645,-2.027816908638985,1.4417032827600624,-2.1794665356319936,-3.8591516603125866,0
-1.8889751350681636,-0.3781037021533856,-0.8172098872888836,2.2949345580467106,-0.6064404509347063,1
-1.2665378857836571,-1.40197800243759,-0.5756360100326441,-0.9098749693621881,-1.6160894921220175,0
-2.461137563867915,-1.3630877439913096,-0.8981551791758418,-1.3114042337418161,-2.241252525391631,0
2.3464315169794734,1.242121875032567,1.717943883539776,-1.409811183395092,0.8667609679370147,1
-0.5441321173687763,-1.4887910305791086,-1.1084145212795766,-0.20084017185946146,-0.5067659674413469,0
1.004515821166788,-2.164051626979557,0.061645639664318574,-1.70217489604592,-1.204900344440212,0
0.2934367180467581,-1.1170302671398997,-0.08363320639631522,-0.6532056733783351,-0.6486206423589281,0
-0.9660136846728478,-1.9141922035584762,-1.6200149635763512,-0.1964320960156094,-0.6554739071854505,1
-1.9695871759634305,-0.23910025929264545,1.324237147343968,0.1897899821388166,-2.961268151264062,0
-0.27618216363852777,0.02527762108271414,0.8479130432469866,-0.5442760375468523,-1.1007004616272353,1
-2.737446511877998,-0.21218183536843616,-2.303344252977129,-1.9050547897808923,-0.2731417791866786,0
-0.26119865494539884,1.1170675149630127,2.332433160044375,-2.3262068228277775,-1.9575933959587242,1
1.6498136932809615,0.8114205743191493,1.3451597384820018,0.22271789968068556,0.6012093572523296,1
1.6063821547462327,1.2383630419938008,0.9619125059256738,0.3079891233042167,1.2850141187765578,1
0.6659884738428417,-1.5879385355507465,-0.0784423672423491,-0.09900605857448186,-0.6524505753210923,0
3.8321176736767693,1.8910042884704632,-0.23057568897413172,-4.061412297613018,4.032787544790111,1
-0.6303750449704497,-4.056367870662654,2.713460793119716,0.1806975283203398,-6.243294982253959,0
1.5985853253838957,1.3027459945568856,3.1009820376374724,-1.5254333177127295,-1.030381060321298,1
-1.2100150656953903,-1.7130232753152235,1.6329647984330138,0.34650322599296735,-3.796983932617816,0
-1.7536022127296058,-1.7655420621551792,-0.11282386531915156,1.342980047695779,-2.399538375431522,1
1.5325700091105185,-0.4267854728149174,0.4803075477249782,-1.6214077186378848,0.13990259237694147,1
-1.7752870385368542,-1.328617821287634,1.839413239211156,2.753774245759335,-3.7901062175068647,0
-1.542558120425849,-1.3879051217182692,-0.49411674731581146,1.432721674680941,-1.5604007551440686,1
-0.5684297015091438,-1.1376132203790454,0.5805602313852983,-0.8155561871895955,-1.99783376424143,0
1.5821296602051176,1.8820992761997932,0.719128503135456,-0.5423250117097635,1.8788866747304178,1
0.9038448114701817,2.590218036069018,0.85652658574718,-1.7291793087015352,1.6013736807384835,1
0.2399673885327589,2.0665644275414707,0.9303147199389202,-1.9575850828649242,0.584774267902,1
-3.512935726981558,-0.5504848247430847,2.778406471747166,2.701378624321917,-5.446763945432982,0
-2.2183528116466182,0.2779499674300243,-1.1846372092966582,-2.8289595143210056,-0.7269380084476409,0
-1.9744941299753422,-1.583689056912629,-1.9788744049704405,-0.29536742673506544,-0.8344294281614242,0
2.739987717918245,-0.7997406904287083,-0.11143967945382816,-0.9946418581333617,1.4455167369858215,1
-0.9355990092865984,-0.7777057990557732,0.30265030857961883,0.7454920521245916,-1.5049858749326162,1
-1.303456679880871,-0.5902685618707895,-0.5331755295182534,2.2483679272408303,-0.6072529536964895,1
-2.534156367663723,-1.1170404778063177,2.3355073067941214,1.3794373513693632,-4.890535848515121,0
1.5544071870944816,0.7226266623867802,0.5288603985552441,-1.5800113916735745,1.0012911755891614,1
1.2652471480133483,2.45039969309888,1.6457054493336192,-1.7783112814399575,0.9895419585716803,1
-0.23173106111949715,2.3442020264004375,1.2759266511511873,0.2596605707276842,0.4172690898039737,1
0.6314593715472974,1.3375667110681455,2.9201515429755074,0.2369849107409132,-1.313339403272293,1
-2.396293094643315,-0.3776948276374038,1.8416209539615382,2.2519150892474737,-3.6058972955873245,0
-0.6823444564003097,0.20931686751282186,-0.7310531658462942,-2.309409633708257,0.024883709846080515,0
-2.4855954703970853,-0.15679797251007255,1.6630628727495211,1.674123545451034,-3.411707353950635,0
0.8572916757969729,-0.7557354426067994,-0.8444562109504623,-1.597402899197521,0.6714599591088791,0
-4.0358785766310055,1.5496361591529393,-2.6488074642137853,-4.218086515081469,0.09932036784522968,0
0.6433239307929484,-0.47017046417107455,-0.40935853316769566,-1.1101980978637174,0.3714759672764455,0
1.927350916056447,-0.42170821415664594,1.1887147851223934,-3.666450946124328,-0.5416436989436513,1
-0.30500886473627165,1.2723186259395485,2.5970274932262782,-0.8096034040943703,-1.9132632588544949,1
-0.7638720942877036,-2.534063441129471,-1.0430113114823611,0.777970299176413,-1.4046301475328964,0
-1.839364605778134,0.356649069503721,-1.4225921635831167,-2.601744205560408,-0.11063052381509708,0
-1.869332442144695,-1.8651943515874083,0.5473896918673895,0.5855923463809536,-3.3204676851882433,1
2.8995361212142527,0.6778366962344868,0.45462305166007777,1.3502532011216437,2.4883593222625624,1
0.5262727192681933,0.8989703712980682,0.029492933737109372,-0.534728143067227,0.9901561891404234,1
0.4925353076328127,-2.5058421696785476,0.04819871573662393,0.7623359622884189,-1.49354913720166,0
-1.6180826668089348,-1.6977820543281181,1.9583188116398915,-1.3852157104852494,-4.664424238638778,0
-0.9100891296171033,-2.6774334039726857,2.142681438098011,2.566343628889623,-4.492550284997803,0
-0.9390411198392228,-1.6845677854266152,-0.9470447417276452,-0.7075074950139926,-1.19054049638345,1
-2.652421525016597,-0.2406534506568514,1.7346050108201134,-1.946381880221323,-4.193098870256279,0
0.4354593429964603,2.0920997123392997,1.721494758741998,-2.2862654262023367,-0.06847799464147486,1
-3.295437474297492,1.673987534162082,1.1042271578888194,1.1683841887195971,-2.144190409792132,0
-0.8279622215098428,0.9185313711192507,-1.685381171260644,2.967666694530431,2.1521326659361932,1
-1.0976552982447152,2.7400832228868266,-1.512890978313961,1.7037447385763158,3.000269668770712,0
2.812424710530741,0.49283833043949365,0.813097154586141,-1.4105260716089245,1.5320029006064049,1
1.5614957854725842,-2.0686588484565602,-0.46004448397496644,-0.8992579490316688,-0.07900282985535512,0
0.1161300221283248,-0.1101690873806731,-3.054299146153282,0.9397885264245986,3.1317404547325163,1
-0.4116556658393066,-0.3313499097278907,0.19707237072937756,-2.1102457212783516,-1.0659989029256252,0
-1.7179891512240486,-1.6416912823880225,2.0477971248670532,1.2959618024051418,-4.400901190214066,0
-0.6979523625153734,-0.9431318849520356,-1.9654627903888773,0.34290140893435883,0.7141965883698023,1
-1.298983806270758,-2.4422004293343402,-1.5187181956688067,0.5445345522440753,-1.310338096237469,1
-1.5630143516687975,0.5425042392676966,-0.59099989624672,-3.1401940019710866,-0.6480904026541436,0
2.4388561545834078,-1.6487150017940424,-1.4270993663027762,0.41412467713660517,2.051822368289573,0
2.3170035409714904,0.055463849957146594,0.1626841013034407,0.15049004274176636,1.6770029833583688,1
-0.6085156065998372,-0.8619578019413829,0.6227724106548673,2.9095593738930607,-1.323271947936518,0
-0.2343541297001681,-0.5419138598373159,-2.3697407584332644,0.9899454565910517,1.8670946058265225,0
1.4633195944290152,0.7735487755914007,0.7870414592947526,-3.112473319417161,0.4981903463482753,1
0.14398066046331892,0.6810548802797884,0.45795532297810393,-3.0811142992237026,-0.2551949796012474,0
-2.2337440908366304,-1.537121434387167,2.4359638421756427,2.117115734168248,-4.977400774449976,0
-1.1269521172138,-1.0589547373639439,1.1013644361658372,0.8892676414499914,-2.6303244848701177,0
0.6513858362120712,-2.4822761899522874,-0.786409390355514,1.192509706110743,-0.474317852938135,0
-1.1595027341790503,-1.2691227828521159,-0.5788299111633477,0.7385452730170259,-1.1923360878953737,1
2.2544515434157892,0.8340438959662779,1.3423843339573516,-0.8321185360132867,0.9325936181325141,1
-0.0865055660404197,-1.5904909550148103,-0.5440624557112963,-0.22068374605047003,-0.7910855097172326,0
0.2348686264403781,-1.956659722150793,0.7134408614357901,2.13043651158471,-1.722928017280356,0
0.7670424677611467,0.9105950913309719,2.0513090185239955,-1.3497828157871314,-0.9149167184890679,1
1.1136845219055276,2.084840920218931,1.107076512573711,-1.222600466814347,1.1992454022687284,1
-3.076233875069062,0.6452105674485453,-1.2648333772825642,-3.5754718739575955,-1.1282873846909718,0
-1.7476880248033133,-2.7422165092703716,-0.8202055401198991,0.5752651439565982,-2.564985782190446,1
-1.702411500918779,-0.2529512272411091,-1.303751935945123,-1.9548538143113445,-0.49968476881869417,0
-1.4865891680449714,-3.638797617147528,1.4143459313280573,-2.8489506327259657,-5.737365013925428,1
-2.4835623739927675,-2.9909281204835145,1.3261804476219492,-0.6649932642965091,-5.600796466417811,1
-3.280779030455712,-3.3101056319564015,4.275032483510483,-0.8646966932017062,-9.375088852256535,0
-1.5785081828812082,-2.1646616204972196,-0.25839479343952476,0.1886013485694329,-2.5962245361775005,1
-2.0553724580317008,-0.1559547068339363,-1.0339764123686948,-2.393629884857866,-1.0221162940985544,0
-2.665982044241272,-2.028531021830065,3.1598980012145397,1.3514711984149077,-6.506121002701611,0
-2.1164702392392334,-0.1449529242349502,1.226204135101894,-0.0011457189965615733,-2.9323100314318937,0
0.8814876061735206,0.12516711753357224,-0.4190447957308243,-0.7916937967458137,1.0678563731977029,1
0.9143748698862679,0.3596837600117697,0.7574104821474688,-1.4606551037263045,0.025046899596422367,1
1.0450025149289348,-3.0123597080228564,0.6448144050861124,-0.3400422284165294,-2.2043027249550446,0
-1.305228403913816,-0.4986640794391206,0.9102024595379923,1.2506123372103883,-2.09548643388839,0
0.798150252012013,-2.050555275497208,0.2682624115608365,0.12028797054608986,-1.2164292892517323,0
0.4604334842936961,-0.6377540998461757,-0.5610233608424591,-0.6779562629345672,0.31296468001536853,0
-3.047657412343033,-2.5545566329877953,0.48455271963719926,1.9969260509604743,-4.489347988627011,1
-1.9327173268522833,-0.41529523962335935,-1.1364419921091355,-2.015427022568181,-0.9736573306737344,0
-0.344651262083696,-1.2443210387044632,0.0660493736444554,-1.0355611974477745,-1.436297813270961,0
-2.6289672003703446,-0.4642394749054364,-1.8363240392049511,-1.815025254623202,-0.829304868586942,0
-0.3910244856974373,-2.343570161049695,-1.1594029855721282,0.82778631660989,-0.8513735503370201,0
0.9006578620064484,1.7609745703970459,1.423411071714408,1.2306288280704676,0.828267406461682,1
-0.801029225791578,-0.9391758097825911,0.7749021238383071,0.09694253740242031,-2.0823485567450364,0
-0.13293274354708606,-1.0508347061770968,-0.3939619475282471,-0.5114523509507645,-0.5992340496929853,1
-2.3239210724124226,-1.3536911173848467,2.428005308674148,1.8468725982073604,-4.935865457459273,0
2.0426830774442517,2.0289550524389828,1.2424402750522343,-2.5468156723141293,1.5441757277078612,1
-0.7424670943358411,-1.0735421479180567,-1.0212801982274593,0.8349751385858122,-0.27514760861191423,1
-1.6222657835841954,0.17253749333657153,-1.3323404413996118,-2.340628159172505,-0.13757306754792564,0
0.14423957352456895,-0.4387400503568949,-2.5222288013039496,-0.05735812332501178,2.2355053143057084,1
-2.3309417108161403,0.48883456213835963,-0.8002863267744708,-3.2890377430852684,-1.0930426181610975,0
0.9913669496966437,1.7429920112454802,0.06795178779484956,-2.393060250927779,1.6926146310350876,1
-0.7865894497050431,-1.1301902626711249,-1.2589552786465399,0.5505673620437863,-0.16043105854530237,1
0.19702999427937717,-0.5310548921854317,-1.136072488335241,-0.37816033295048035,0.8003008694102988,1
-2.5427289740279733,-0.37953331260370604,-1.7481899927199733,-1.9694970782363566,-0.806544031636732,0
-0.13202295023069777,0.7619744893748366,-2.338439642312352,2.2183783720299943,3.096243249782952,1
1.5176299658659194,1.0360132165397888,1.0559319517619064,-1.9759625553128677,0.6415397534774523,1
-1.8008793695383545,-1.1084770311351797,-0.7609999341325601,2.5862539043967265,-1.1155895553111417,1
1.5129767244235435,1.0192939675626347,-0.1271199487136212,-0.19352813343278785,2.0399803704503707,1
-1.52618573272697,0.21382401479849555,-1.480986782081564,-2.2733410609931557,0.12306398343562663,0
0.2149674852137644,-2.2655239926803095,0.04654578012098454,0.3568412450196272,-1.5770351928300206,0
1.3629758373553849,1.0087876485946583,0.08180206932373935,-2.2593148302331953,1.4162695407208614,1
-0.8147986471716672,-0.0030316523595368405,-1.373391983710282,2.457631310532358,1.0727053199968535,1
1.5523791118190948,-0.06704709231627337,-0.9296090085416111,-3.441524635305767,1.5532150087193926,1
-1.6162867864593478,-1.642737365890334,1.0636298028593063,0.13860484407485751,-3.525376620965479,1
-2.5177712179846203,0.06012403099950436,1.5019666808734975,1.1702054101486563,-3.1834129625192027,0
-2.077427946973536,-1.9317692885519278,0.7357926888295145,0.9718119716028774,-3.6602235770989062,1
0.5367651434350873,0.9197593147933789,-0.6819493827664107,-0.9141608406704602,1.6570157716949667,1
-0.9424226698033606,-1.752685452822841,1.4651157778100063,0.08576137437887754,-3.495799427495876,0
-1.3258477397090804,-1.605881266528076,-0.20771928974947018,0.2736069634633721,-2.0095738266492322,1
-2.0237881605442514,-1.1175894523537606,-0.9488525209808576,-1.3682846181380324,-1.675923201821961,0
-1.0018035572812456,-0.8730783279208201,0.058001112662797505,0.3291418266099858,-1.4490998041352174,1
-0.5044050494830942,-2.3301251243608405,1.4642270441166567,0.8701318014982865,-3.4927536153830605,0
-2.6648244465881983,-1.3905478509015172,-1.7726483877986439,-0.8795296903752766,-1.499313300458046,0
1.4475819654858695,1.5218994197460054,1.1063019101023897,-1.314719292279936,1.0080746245172323,1
-1.898609369250954,0.058095349194607904,-1.8703184068408087,-2.0632068560242516,0.12980348257776653,0
-2.569292724439647,-2.7603509050389192,0.6478325310999589,-0.034675077454921155,-4.733434332271147,1
-1.1131395443918373,-1.8503680389720698,1.703094824971496,0.05796991172378929,-3.938890349840494,0
-0.41097664824442837,-2.3363708526888676,1.5096604264791569,3.1923921093917635,-3.1377237971736758,0
0.013486985305954158,1.2056846471363956,1.890455906419647,-0.4582083204642595,-0.9782538462718756,1
-1.1675770179817269,0.9788460801163492,-1.2078391644896809,3.5636731193482607,1.5563597615353415,1
-2.2776049233119924,-2.6874551473091,0.464374119416038,0.8759688708066082,-4.143801550025733,1
-1.8995330581545593,-2.770029840613276,-0.15784044173229805,-0.6233152652009089,-3.523496842561429,1
-1.3121615903992465,1.3615655070868415,-0.32010723707693645,2.817815704387006,0.7640177516190867,0
1.5219980026809747,2.105358499265127,0.3149355654439535,-0.884712502707467,2.3520730424619494,1
-0.33964551407629673,-2.939721530158612,1.7938047865224949,0.7461871000063689,-4.177561557399134,0
0.2533052342062698,0.5913259552063597,-3.86290574864639,2.7172393348589265,4.824819648720705,1
-0.1026135506243997,-0.1362195622789648,0.4260702375945643,-1.9074520228425929,-0.8745102106907395,1
-0.9278136938780396,-0.13652464435131828,-0.787184678136131,-2.011264050185306,-0.33179139937500307,0
0.4048898832112824,0.02104244592008797,-1.9339428781004968,0.6724347832736579,2.317515944899453,1
-2.287504934319129,-0.6862927301255981,1.696229293381743,-1.7548919531081935,-4.192585851937366,0
-1.1352764645624687,-2.1668153798590137,-0.564417864205004,-0.046118179503352175,-1.9926462064735544,0
-1.0094033711486932,-0.6310477033912483,-0.896384017041891,1.5468952413745605,-0.15842594206424954,1
-2.561377070164283,-0.5968774478316226,-1.7768409167800494,-1.7193449849946545,-0.9244660539159022,0
-0.11832580945631743,0.33372123158760947,-2.2552422099754375,1.2395085720481962,2.554624569078017,1
-0.9103410157397321,0.20250078648200565,-2.162949350412636,3.1752744500806336,2.034752197141289,1
1.5364915854496197,-1.053689698020499,0.19344767200238633,-0.44815449156709575,0.10879585364630667,0
1.2447104706980774,2.2580115129111737,0.8110357024386355,-0.6768572770755321,1.8013419194045541,1
-0.31916940200853505,-0.6345037726784648,-1.3037300957177083,0.8461291562684147,0.6655430605920418,1
-1.0474631367446965,-0.6358757968316182,-1.8494970081796533,1.7193503453338121,0.7674958791709003,1
0.27761487810092067,0.24034222547173922,0.6758470780043905,0.3161068636971862,-0.2193423048908597,1
1.2197317128051361,0.6430001039085982,1.2186531775248297,0.07690065919464728,0.24547231426247174,1
2.0816129784648165,1.4338266846462038,1.1802428812503167,-2.2166704517163054,1.2233163356832106,1
-2.5054741777195932,-0.8498803848286912,-1.1211990047078293,-1.7372443192542102,-1.72188726894373,0
0.3135545219062621,-0.36205282529791916,1.0084232372975017,0.2717203939131678,-0.9886540624162226,1
-0.6865708890129895,-2.9054897637900696,2.0317318059888683,-2.479369631976285,-5.112071798957973,0
-0.3916571012684036,1.2875273034120482,2.3405348029638366,0.7690275319364637,-1.4901392380463088,1
2.6349098696459197,0.9652023326119655,0.7823547531021458,-3.1446287850967463,1.5420149310035276,1
-0.6875862030790397,-0.8376291599470296,-0.463516401751229,-1.3457798977392528,-0.9104817911041803,0
-1.0259897496065444,-0.5642321247207246,-0.9001587808043969,-1.5422115522391397,-0.5587369846234841,0
1.3731797010598865,-2.2929425001880066,-0.14845607460621046,-2.8718913360887055,-0.9841222417795392,0
-0.8053384156812617,0.012250451602141554,-1.2967275576899504,1.716303451824646,0.9103203577890424,1
-0.012855818735581725,-1.6017677716382215,-0.3595202325893804,-0.29549311499758935,-0.9350246357018307,0
-0.7069732694868551,-1.1953602907088015,-1.2406641693726392,0.11534222273493544,-0.23011078651024452,1
1.4753486645634704,1.779110161167194,-0.08408403392374852,-2.9946402439853976,2.153374907729563,1
-0.6646765939972223,-2.3429047407423207,0.12869078774890763,-2.6692394608700036,-2.823785441258769,1
-1.7445887548932828,-0.6292369947477503,-1.9663484258386306,-1.1994533344514868,-0.06448048757627456,0
-2.094661658771152,-2.264111044090483,2.7465787538166913,0.6327845539083867,-5.9488099281394575,0
0.8374536031013353,1.0015806606784188,1.2237047114837374,-0.15514552696275496,0.1913912135065301,1
0.18955765067286268,1.3361959423322265,1.9704453718575818,-1.7287591293822415,-1.0034833661562779,1
-0.3722552118634479,-0.09365373948820599,-0.5909416920350195,0.7175933038320128,0.3250573275774852,1
-1.7540984849282721,-0.006593021398851984,1.0017145857075507,3.810340400481626,-1.7820683375526865,0
-2.1401136017104934,-1.3640315351320482,2.0977226166334346,-1.399388662235236,-4.944966388831113,0
2.117182912657265,0.2795385455022391,0.20184116883840442,-1.7112572717609806,1.3916956959749616,1
-0.6166959040467336,-1.525214955257307,-1.176912371623797,-0.15502559585893827,-0.5166569189881407,0
-1.4542384380593802,-0.8394469699684257,-1.5459914564984771,1.9158563698186444,0.030150620124659744,1
-0.05311623626997419,-1.5953806216753748,0.5642194149395262,1.3081085941170998,-1.6362481683884575,0
0.2643663457190548,-0.651079547993977,-0.9979211129001205,-0.7799609860795188,0.5662609574011254,0
-0.6362386586830722,-0.8910871503975324,-0.739907213512891,0.9471467541252889,-0.31286665000569636,1
0.16033646458830975,1.2855702987248503,2.2630766595594554,-0.36133325492220414,-1.1556121193339322,1
0.7955665323273907,1.0205003460328537,1.3809188136766735,0.2569573073313258,0.07895612998655155,1
-1.3384034562021723,-1.59686395114315,-1.30549873605483,-0.34680987364780214,-1.0253638127062996,0
-0.752939984027324,-0.26932974864937276,-3.105243510331771,3.108105027374628,2.7050973602671378,1
-2.439075989445768,0.23047527003446655,-1.4155470443089038,-2.697401033455786,-0.687213026772372,0
-0.9788616904384514,-0.6605664523874405,-2.0494822844414324,1.782248508902818,1.005922441326066,1
-1.384690912403109,-1.7193633164199993,-1.290342257164102,-0.22766074027771466,-1.1529989651399266,0
0.6248443041051965,-0.7187906230672991,-0.5527959213238165,1.1664477698839422,0.6325672072707638,0
1.464188856589843,-1.695466563758975,0.4032798692187698,0.08973582931139457,-0.5699092988956318,0
2.5989845003773504,0.18707404212123957,0.5053981106603147,-0.6636332570610519,1.5415908234210867,1
-1.5606918426712046,-2.691455600568217,0.5566173814164261,-1.0915120845722739,-3.9710282115181488,1
-1.2851316431911572,-0.09122623726995027,-1.0749952495569428,-2.083220003081149,-0.2984113512468456,0
-0.5948388210903763,-0.8754238430006378,-0.8384971118438971,-1.051958739285736,-0.4590962527394795,0
-1.576952777526174,0.6789533435455506,-0.7232136019115512,-3.2298925520523585,-0.4368245895972573,0
0.10393060547524735,1.1360586671238806,0.6458346422235592,0.30754844966250694,0.3667092851670357,1
0.9807012544049841,1.1242474676294096,0.41084828048113053,-0.7146534610752602,1.1119129162781922,1
-0.8199681831109873,-1.0564184696808256,0.8248874924393925,0.2750391610637194,-2.2106945367299367,0
0.10119776193201768,-0.7619409511347045,0.05074380312624105,2.0231571009434886,-0.26984175778761055,0
-2.489973136682825,1.962063802002064,3.1234764653907705,3.0022193876403884,-3.021943212650929,1
0.8767298700700692,-2.2998500320252226,0.292991975601009,0.05830073104321576,-1.3816868583192725,0
0.378141637871548,1.7703021685690987,1.5759179543866604,-1.0690016036986947,-0.04329334435736154,1
0.0023162317110004826,1.0962652961446895,2.0935289274714277,-1.2693543295700636,-1.38646417667652,1
-1.9637002982280831,-2.261472533614844,-0.2530308259212143,0.6825867862603272,-2.899919198970084,1
2.258554122036425,-2.917108725931025,0.6848989716480043,1.608190846746023,-0.9626940455214916,0
1.6566260015197638,1.0452183193400093,0.7952317848560001,-1.24204273895268,1.1156385379011207,1
0.4010035232763971,-1.094722868241262,-1.14781837949795,-0.1571425132415819,0.5648438971406292,0
0.362764003885355,1.0990227997476232,1.0699589520052226,-0.38889269698994444,0.020637533650493367,1
2.31568006103055,0.6251267919182173,0.2994900886012004,-1.1346368114267664,1.7969686934650986,1
-0.5785631741643841,0.2547132202498068,-1.7588380067871068,2.4914319376212215,1.8347091486937759,1
1.5150320119082452,0.09891172919560154,0.44408521792991185,-1.9838401548351374,0.5154038792977775,1
-0.6495987563156179,-0.5332726302609334,-0.9795909815774367,1.0619109415564636,0.20417027512155783,1
0.6132456822970598,1.9082096394949186,1.5556441507329053,-1.0685356923848413,0.2627963013305603,1
0.9257867005406408,-2.1923982066710934,-0.3465439459469398,0.7528205531316776,-0.5350124701263019,0
-0.2923600523929055,1.4075858526399196,-2.7378504332764324,4.104977082741689,4.13333042210507,1
1.38390918368126,1.2790477342192714,0.4037200881052164,-2.642350201299556,1.2702983578252414,1
2.4053236489425016,-2.3942744068085764,0.16004232347620095,1.3985388965844603,0.03701875741612759,0
-2.6032403202267167,-1.3982511001921805,2.6760888127650144,1.3870057925229835,-5.49289713672008,0
-2.4482492834399614,-2.795086687391432,-1.115010150377739,0.8410581842005369,-2.814551223159529,1
-2.2138566824667043,0.7342983020518685,-1.0355810581100755,-3.354270622223394,-0.5929798129332121,0
-1.3187764946075171,-0.7863377337539679,-0.3815617421741312,1.6383776767443867,-1.0061876598481738,1
-0.41159066145746204,-1.0551135813972887,-1.5193458327662084,0.8332478874696796,0.4799697188358536,1
-2.012100517059795,-1.031278248710068,0.2560816453054302,1.27013544929584,-2.4030004908307245,1
2.6488028238836243,1.7269185096236288,0.6844212277711358,-2.253622071986564,2.363719787750319,1
-0.8814931263124716,-0.39228082107425455,-0.5148324873225939,-1.8392186228341014,-0.7358184264446619,0
-1.027432934548311,-0.6374766535230202,-0.5406516929861277,0.10044154566706465,-0.7331433960948603,1
0.2100572087363124,-1.4861125854771384,-0.5075912637767231,-0.23214592131823752,-0.5211649191489911,0
0.5211019644692612,0.16075911512965957,0.9775534486536419,-0.5457101778896951,-0.5137010662996155,1
-0.9951364183743717,-1.3153963271793876,1.1416214844447004,0.06108225811597778,-2.8854342377282043,0
-1.5346483677077347,-1.9289139301468776,0.3277911146569954,-0.550927865165004,-3.0613574810483883,1
0.027374089727327133,0.13952166126738863,-3.6137936359757923,2.5914308791882528,4.041468232451077,1
3.1026221446907916,0.7267006333340681,0.23148497696969106,-1.0246468006048965,2.559573479672366,1
-1.4000948120469636,-1.4910687231864255,-0.033236123035666476,0.7397194548729258,-2.0819942603582415,1
-0.9970819718698106,-1.6731503480363248,-1.524693236680333,-0.25760929760886486,-0.5955471106906067,1
0.657458949292506,0.6058750467682461,-2.745375407789161,0.7989011442870624,3.774977789383984,1
-1.8826478300556055,-1.547995081271142,-0.33362967517592945,1.3177664719271283,-2.117709714121105,1
1.859466896130416,-0.9026237685898146,0.2739347852504661,-0.5016102367259321,0.38576410577605125,0
0.21003423346882988,1.3355476487903715,1.4258798346823152,0.4963257672907271,-0.13567634359329506,1
-1.6248586604064053,0.8326525973905694,-0.7530519932942205,-3.3809906752557937,-0.34736357710704,0
0.18348818989843196,-0.34513304162936287,-1.3271019243583302,0.07664116546398525,1.1857158915317247,1
-0.6587519946411222,-0.6381766653960832,-1.3452565067685416,0.8495123473116195,0.4441718425706729,1
-1.6501107869480025,-1.650276088141175,-1.1812331384699926,1.4756096794514382,-1.165470133254677,1
-0.45943596945639475,-1.9528749927378684,-0.5347206597744953,-0.012660555970339105,-1.3350837375958502,0
1.9676009043793037,0.7923594296483162,1.0626079461027913,-1.7196786549240302,0.8279977071006752,1
2.0031783990832084,0.722650203607138,-0.25954644068497545,0.28643945765740986,2.384730290514102,1
1.9918010384325562,1.2535500866378175,1.1648420692817685,-2.1554093432958257,1.0394865543457459,1
-1.9227792437992233,-1.3537050604616279,-1.9453815014215374,-0.5648977946285018,-0.6889935466734498,0
-1.4843405772152403,-1.033131806454928,1.430930534179304,3.1232177671223447,-2.8864630311147437,0
2.8534145783459124,0.41184797197834677,0.563348067173032,-0.17794583476663428,1.9223483528409002,1
-0.02379628577492654,-4.015899401948513,2.143491415543477,-1.098278066953764,-5.372959351644482,0
-1.7006462882873037,-0.09473337382142488,0.9498287218717086,1.1848964445027157,-2.134684495597371,0
-0.14780838234829685,-0.214008478054192,-0.28967326411147765,0.034604531954876006,0.01076204965150851,0
-0.2324290599846932,0.862208948741444,1.9631684233167568,0.5766077828036262,-1.3541033916569787,1
-0.8242882597000958,0.5302617505426619,-0.6155632170133614,-2.758638257504572,-0.013769010768877876,0
-1.8311370973375696,-2.407612050374315,-0.6671698493094524,0.5015589448153961,-2.53132749406235,1
0.7672327781025452,0.9107557614716574,0.6708938502912334,-0.6876083844322212,0.5330586942400865,1
-1.376945514978623,-0.2173798070817854,1.546772559875368,0.4250580645630053,-2.675608435791884,1
-1.8584107307842008,1.0902716056442716,-1.2798176300225892,-3.499316650043031,0.1719228012402484,0
-0.7326472077058818,0.02021212417533702,-1.102000770910539,1.7030691235512234,0.7793298850636022,1
-1.25943213161245,-0.19418821033113454,-1.2858984252767993,2.708945583496633,0.5355230144846066,1
-1.437278892387224,-2.302699718121521,-1.5580414091598662,0.7254229135944091,-1.2440694056251955,1
-0.9824870358866369,-1.010858599864962,-1.2055799942888599,1.9598830037300974,-0.06850857109771269,1
0.025909613137630405,-1.287840459610821,-1.120144440993658,-0.14788722422582024,0.10325549489721508,0
1.5474932594807553,0.36854056682027214,-0.11263647925640696,-2.3437645298176637,1.2421244477618365,1
-0.21613089820141418,0.7207134716436756,-0.7005371325413619,4.741927484380662,1.7567587788465222,0
0.36026434362274085,-0.9161673484405417,0.19177360966465762,-1.1160613963004957,-0.7788673597360427,0
1.2852995832600573,-0.3073746883345907,-0.06730019958913491,-0.6907848342755241,0.7129217384570321,1
-1.8312343072372375,-2.6976021114628734,2.854041102338786,0.8039709348668762,-6.16237896774976,0
-0.529240343971891,-2.8312554201788958,-1.6871639424734866,1.5325242809409554,-0.7149224896618,0
-0.9651600244187826,-1.8794641152226883,-0.8273186697055464,-0.5891889581868648,-1.4611721331671559,1
2.844753322301075,1.69022973512297,2.193451985902443,-2.241478855726254,1.0082170231332443,1
-0.7217929248215049,-0.47520957288215304,-0.7777894041710288,0.4856623066437451,-0.0866426869013921,1
-2.7741094961887196,0.46742742361664424,1.4951575555648904,2.128577797821918,-2.9213229318996636,0
-0.1634176454426305,-1.2486414521464917,-0.7367208101223973,-0.5314307146051878,-0.44204948526183596,0
-0.842455602505334,-0.6127081747441643,0.595158086434801,-0.07297078513079125,-1.7104998299177545,0
0.10617432615422895,1.1730688064680093,1.322091716422216,1.0788894623915795,-0.15517559361996958,1
-3.3911843351650988,-0.021050726057354696,2.409403083640773,2.1892384236352735,-4.6571932440430395,0
-1.571861300247174,-0.8200856340083237,-2.0644459626183767,2.674114235114069,0.5718971536549118,1
-1.9583107989422668,-0.7023938061439072,1.407480628436894,-0.8822439741568655,-3.5451594365491577,0
-0.7188184334032968,0.921760255685953,2.337525128669621,0.050879167458596,-2.122410834933313,1
-0.8752326587025173,-0.426161782647536,0.41164538539500384,-0.5382199526894373,-1.4785773293153213,0
2.145413445623312,1.4246690210890678,0.2603893991274694,-1.6680514470913228,2.2451365077215537,1
-0.677982329551914,-0.9892662745448049,-1.2382443854249994,0.6946364859689378,0.03165999355633975,1
-4.8218037835168905,-2.324511977700035,5.159230389472047,2.518527817682018,-10.17516707616122,0
-0.5167440357607225,-2.141487657658395,-0.7738276146610159,0.29198115331865115,-1.2463641985446157,0
0.1339947689220331,-0.6644344152923565,-0.4524106345026573,-1.1038340411922878,-0.12476643557270373,0
-1.480397394491607,-1.4158369390419954,-1.9656825170280239,-0.26655720446963593,-0.33589883521767105,0
-1.6754401266266212,-0.7606262417138677,0.07925184453909995,1.6181764635469051,-1.7136276623590982,1
-0.7079416066133163,1.7977373245554182,-0.9904278217028684,3.776249154692452,2.356775708477005,0
-0.6741625660587764,-0.7631179011483592,-1.1589828907183382,-0.9917722750440157,-0.11046569047169896,0
-1.7975934380066136,-1.2065626210108817,-1.3571887073133286,2.5765210958768385,-0.6058547546117068,1
-1.4943475818580947,-1.7654771238295486,1.9771204608725397,0.6048894063856526,-4.355118538584365,0
0.7393934638221358,-1.7945965548062603,0.011355961264413073,-0.6046022731690159,-0.9161486235116569,0
-1.529447024920262,-2.1520063185364813,2.256688005086243,2.235204146156568,-4.720275308610922,0
1.9266272523034962,0.0991547874887998,-0.2578441127822746,-0.6025700525271014,1.716278820592979,1
-2.124675467964462,0.1303667815322147,1.178339516760932,2.9245365454992927,-2.2599557403543633,0
-0.09014995112316959,1.2874142786565212,2.2828599951080513,-0.0033507681689428637,-1.3138344951637582,1
-2.9049219465230096,-1.3604481155256876,2.8103274592294216,0.6168699000050278,-5.936434224247819,0
1.497311679013861,-0.05582152015008868,0.8976972464194979,-1.949576789501008,-0.057085111936197475,0
-0.9080892716114433,-1.0773532378654607,-0.148978916757447,-1.3565665721560265,-1.5737688931068348,0
0.015393863220220072,1.6081362819309586,0.6654613177675243,-0.7316625677226998,0.4948100294297998,1
-2.341564134947549,-3.113983080863649,3.544038516607895,0.33299071277929815,-7.617469593533029,0
-0.22952551853204184,-1.776155839870269,-0.08174660242664167,-0.3727731748460631,-1.5185026060845974,0
2.224162391812636,0.6889374518161971,-0.6793498659578727,-1.0117712582857519,2.753036408652948,1
0.1624698982630126,-1.4043269290919254,-0.3920001908889885,-0.3518737518334826,-0.6249348620686803,0
-0.7646255259729666,-4.628933470882281,3.1591121455092783,-2.019753223370163,-7.539669095039866,0
-1.1875285287665034,-1.066469378465634,-1.3140576447799157,-0.8261235893786678,-0.561300410248591,0
-1.3480300609067808,-2.3539960909068687,-0.6675305361698416,-0.06184036006822313,-2.200908272390541,1
3.476303728247958,1.6292510583689521,-0.4056129751630271,-2.991874929674064,3.8836710162542483,1
-2.993939889364862,1.1220641982260169,-1.2671347679742853,-4.027381625188115,-0.760166044544219,0
-1.0761333107806614,-0.83374348818961,-0.08194741950485795,0.8018412064534798,-1.2707049570962257,1
2.3251824545298225,0.8014962604572788,0.6599300498035385,-0.007316666313105014,1.7486245567809728,1
1.1683695343547167,2.1684014274906787,1.8898796549204455,-0.8789914734675224,0.5876328236952881,1
-2.6183101760599046,0.8721879168273554,1.0140416697517447,2.386938072475718,-1.981524788165467,0
1.5267689805987987,-3.8531161622454446,0.010839258525811246,2.6557786469280513,-1.43340545821135,0
-1.669681460978191,-0.5420492868354457,1.2310143411494496,1.1465996866427692,-2.7369819654042553,0
1.7943584504471466,1.3719290488542308,1.287717548307955,-3.718000185508446,0.6353381602533132,1
2.8205937226269335,1.5104138726246579,1.5329673189030548,-2.353351575337393,1.4823033091461215,1
0.9446166062007642,-1.7625674233896684,-0.10063896201801992,1.0930862748308923,-0.3813624107308343,0
-1.0549726143633502,-2.3334249806748613,1.9203546258728115,-0.8070489542100896,-4.603814789800737,0
-1.8481094792320558,-1.0037524266731457,-1.246555878102099,-1.2529298077781315,-1.145498939768314,0
1.2172704137952182,1.1920230678426167,1.378562157857123,-2.0853399977225737,0.20027040327687384,1
-1.5124085745167475,-0.5644311706721628,-2.3048258285264502,-0.9578625887114052,0.5294028896441165,0
-0.4025150314542548,0.032583779993990536,-0.1823940225204077,1.6486970842639856,0.1323709366487022,0
0.4672605785664632,-0.3122487767300788,-2.0677509574337334,-0.7258641431395834,2.0388831763497604,1
-0.9906292568944387,-1.766908802564532,1.4425484904929018,1.684223294097881,-3.2923692179469377,0
1.2637478185325193,1.116981224397393,0.5545154292709464,-3.6190434796101063,0.7656313393698138,1
-0.9784526432773968,0.6597975221231174,-1.2474686906933798,3.1686228456816474,1.4371837786089632,1
-1.8077933679690714,1.354038394076377,-1.0262956599595159,-3.8775224366952337,0.11136645748076968,0
-0.7213575734121638,-0.9089511513012931,-1.9979988591165756,1.2015684489496359,0.8776345128742662,1
-2.35418648782701,-1.338585925732981,2.3409640081218264,0.3351242409677747,-5.078787295598254,0
-1.0281279690090477,1.710588488889108,2.1900738933529995,-0.8976225038979504,-1.7421720326377255,1
1.1453218818565043,0.5052592111293754,1.3240438978603442,-1.4998089891421262,-0.2469665652565236,1
-2.0339778009864737,-0.0010656950810927768,-2.3447979168766144,-1.8169839674081394,0.480929021852859,0
-0.38231415282237624,-1.171341765097036,-0.22053950677247292,-0.9753469024278968,-1.1193440658703293,0
-0.8804964468785224,-1.6205009525623284,-0.8406014788551275,-0.372683256726027,-1.1526738396632437,0
0.0023072746363137497,-0.5578278802411567,-0.015459809466473962,-1.523721633229711,-0.6316739919991666,0
-0.7154667866333204,-0.4627023780859587,0.3568249142397073,-0.04564839961069822,-1.260225725115423,0
-0.7455986464118314,-0.27463661173203013,-1.5580199361929061,0.6639415062491936,0.8399832406760754,1
2.9824031360023464,-1.4922107246773497,0.6624285756976183,0.4282593017289742,0.5425529214355064,0
-1.4983379956146672,-1.0953293165588414,-0.9329777658354551,-1.1513453791494748,-1.2413410573753967,0
0.6126485964824653,0.6762911111019415,0.2624842683925185,-1.5249685808343039,0.5142205591160609,1
0.289966654825345,0.8862419850451224,0.7990387941604254,0.03858522184517965,0.12765986785711736,1
1.2659498821013768,-0.2545462232828348,-0.4460304816599303,-1.1430254690056505,1.0451753466407898,1
-0.7586041100414905,0.18934836005630684,0.062299265759969025,3.50501849551055,0.00723534098874129,0
-1.637511351047726,1.7518152740633641,1.4326753640852137,0.35644933630631903,-1.2544331720983133,1
-0.3030854377220744,0.5053113348912774,-1.815806721415841,2.313286590212485,2.2689301589487325,1
-0.9111762448029362,-0.27464020229760355,-0.7699136506421087,-1.8687776672539238,-0.4220690071137304,0
0.8844463014074766,1.5575486811446122,1.1891153588705952,-1.3926173757844342,0.5125451909533782,1
-0.9951218754045789,-0.753862067553263,-1.1063377353032602,-1.2063929009571677,-0.4311626067550992,0
2.827220921551924,-2.9893870627808123,1.230445920505285,1.6635183223277332,-1.11019544807841,0
-0.711187003045592,-1.4024322354361916,-1.6637783045707306,1.4428370050131918,0.21193910186535536,1
1.0832119878221516,-0.40624777301733594,-1.1008271647817005,0.9352226801560047,1.7280542258486318,0
-0.8826176330995277,2.539801043995098,2.4103757246465145,-0.7221059848866437,-1.1821911448753086,1
-0.7818027392195247,-0.311024621490517,-0.028096031502996555,0.9481872182011989,-0.674310540520975,1
-0.6605768684918887,-1.0211052425089346,-0.5040814150776208,-1.0973025883155303,-0.9559324102595077,0
-3.3263587029208423,0.5277305057711752,-1.682030679023613,-3.318681003718634,-0.9645209106825916,0
-1.2145443913894576,-0.6882228512448875,-1.7112676415127317,2.248405115984101,0.539725467355616,1
-1.2173836060125578,-2.7263248367251176,2.394759722724057,-0.22764366361231314,-5.412847074529849,0
0.8979901753158777,1.41136795363898,1.7988610638289135,-1.651778749953217,-0.22450981385713598,1
-2.0270708358098144,-0.41591429219439136,1.4989104306502514,0.3468206169090581,-3.2902419719561635,0
0.2782672971160589,-1.868301869755558,0.4534719661755733,0.9060458429691131,-1.5423633028414494,0
-1.4043948498632846,-1.9560474037100022,1.9847640970643563,1.5394153027181499,-4.3067924468557655,0
-0.33505777016398197,-0.4608747699874677,0.15553799349431963,1.5111753982919005,-0.5474328584291135,0
1.3408414883931155,0.865899645444813,1.144241606359563,-0.9779989249439617,0.4316750946733552,1
1.1114631051529313,-0.8661676235273885,-0.964036092241495,-0.380839647344583,1.0722881702310516,0
-2.146548210414423,-0.9865685188652994,2.0365624903254913,3.7772922497787955,-3.8567658216834015,0
-1.4448108298763216,-2.086553655030493,-0.760993613160614,0.21998441106618616,-1.9367044326879217,1
-1.4494288513116549,0.3489964082733952,0.5692256969387077,3.642507847671342,-0.8750796709839112,0
0.49258447576719877,0.37126545515509646,1.31499836063198,2.1068467848261325,-0.32361072301048555,1
-1.794309033598708,-1.8549523235537162,2.267491944275089,1.1350600429645423,-4.862084519221959,0
-0.4204620730925476,-1.6401026336430833,0.9060590868265532,-0.06817738999056555,-2.483984033918378,0
1.6116977104778094,1.1202498027171077,1.61495926329256,-1.9633711888375036,0.23241085977030207,1
-2.1729933633436325,-0.15403153524375246,1.4108523607514565,3.0810739338536384,-2.721631965124492,0
-1.0631374544965295,-1.0754909817475955,1.1841177656894004,1.382270126498034,-2.604690078343914,0
0.4629604477558441,0.6585075855456717,-0.43288956936059764,-3.5060895243271775,0.7834659286571246,1
-2.8247678889970205,-0.23713983808610528,-2.067358663688993,-2.0844890768440987,-0.6161566209216773,0
-1.9707593184582515,0.9939915480331036,-0.7287647039515126,-3.7266721948271244,-0.560860408547687,0
0.8506585234037802,1.1081560395816097,1.5568804789215742,-2.0502618336979586,-0.3145120706691369,1
-0.7651288146693325,-1.520012614210328,-0.8389076310192911,-0.45023020479246445,-0.9997269913944435,0
0.9306923436109948,1.5860005422493844,2.9803518145411063,-0.4198788507772149,-1.0460700370337834,1
-0.6291290301909352,-1.2342606204894215,-1.1306659066403197,0.1251719453907143,-0.30695770128621924,1
2.165665139327019,0.9197593005191196,-0.1431499076498477,-1.8515392542382827,2.2404356713882314,1
-0.28723851746357154,-2.1967045582620397,-1.2570465304552092,0.7513563354626238,-0.5740134845027118,0
-1.4507311982262237,-1.0758858209386677,-1.1806344158362732,-1.0447108918016428,-0.9319520159476464,0
0.9611405011777276,1.8359357945398194,0.4387403799340217,0.3803053635949716,1.7753859675462884,1
-3.289779739520038,-1.2719159074239486,-2.2248829911199017,-1.117504078278219,-1.476746237665295,0
-2.5354159975454262,-0.6848312185917032,-1.1573656560666303,-1.9397017153343334,-1.6110960662947695,0
-1.6438912063510533,-1.4612916017754778,-1.6298711646754942,-0.46353265006590494,-0.8533189466681441,0
0.02464415299222944,0.1963844996791826,-0.6266533884412286,1.4817398516317133,0.9968102720332315,0
0.5227655307383579,-2.7628978717050967,0.9814227270828733,-0.6897066848976465,-2.791350690926162,0
0.5942332847380292,-1.0770305763850485,-0.40228489300684833,-0.18471402113015478,-0.008287454137266836,0
-2.1102884597127236,0.5985556869676416,3.358661611804725,2.328044609708781,-4.11010498657021,1
1.646974090976534,1.125147231630063,0.667610256766122,-0.05776998190879534,1.464732399357373,1
-0.46252179046987707,-0.946763911061888,0.5578391511323187,1.321997372205669,-1.4409648723568966,0
1.6234122036101717,1.6419928578372684,2.350657700013981,-0.6775585159893125,0.10705831379303854,1
2.026874350384966,-3.1543652391293526,0.25146275886695824,1.986225316075422,-0.8438873325616398,0
-0.9473498797839083,-1.48682785768881,0.5462293092117783,0.5899992754396098,-2.3217840139889505,1
0.028132012863953282,-3.677925858209679,-1.3862904198731991,2.5108357958545175,-1.0961186800830067,0
1.0246325723166292,0.3840969087547814,-3.8678873808768315,1.6447827933428452,5.1060836686419275,1
-1.7500156923663837,0.36598559927375196,-1.1827573606712722,-2.7113883056147725,-0.2858467042378785,0
1.4545564506716042,-0.9640336060848569,-1.0848164541235885,0.564176152550578,1.513063541918345,0
-1.1673765355091485,-0.2581320330063489,-1.8460950207758888,2.516897590027428,1.0780699664758975,1
-1.0117762351475459,-0.5401068956174045,-0.5706358174633079,-1.7346825113042648,-0.879780655762082,0
-0.4938034015019681,-2.602400745898077,-1.9724231626467805,1.492923901310656,-0.2374744284608572,0
-2.0864976660063794,1.014681689599501,-1.1719742493162457,-3.5530529603664696,-0.17419887394881206,0
-0.41129406543500535,-0.11103654587154799,-1.7642113905490668,1.7184826661590624,1.5750606142394377,1
-2.242389149710668,0.3621684431932546,1.2734713195391774,2.7502965776207278,-2.289444524404215,0
-2.0063762562948195,-1.6542475978645343,2.278313288282944,0.17374116567475706,-5.017927432240068,0
0.27771991090522363,1.5142547925859624,0.3257508319043767,0.5861335395194747,1.1448735175118003,1
2.0289740248743975,-0.2251317047067476,0.36915399084194056,-2.067704698346877,0.7200085708369836,1
-0.7793511982392121,-2.8430569498300136,-0.469093744462026,0.7773465091768381,-2.2172562724125306,0
-0.41682764926041793,-0.9869424615283183,0.47213257575117074,0.06257669954235778,-1.5335566557575877,0
-2.9859741474865515,0.9825577321884702,-2.2320769376009117,-3.390876622782663,0.17522139468581877,0
-1.3224890835731666,-0.834439832752838,-0.5356916649613452,0.8049462254545318,-1.0145543011962777,1
-2.098010655819362,-1.2281228050526312,-0.22146326606873634,2.1603156908047705,-2.0248983859954386,1
-0.7334280305162155,-0.20651825407897972,-1.750624441460519,1.4334626760902973,1.2008841370340086,1
2.511479376691489,0.21056628399506394,-0.32836231917215186,-0.9819971017208501,2.2642085433418884,1
0.3123955165953416,-0.22894745133201855,-1.8289330530010086,0.9580556668988502,1.9920411495173997,1
-0.8388570272180974,0.3390362692905513,-0.8558783147047948,2.391458239743477,0.8014410206009575,1
-0.6254590613741976,-1.1571767894390201,1.6084551477043258,-0.8963141412059601,-3.0754295992573137,1
-1.4413617995690793,-2.3149876887722307,-0.3305360851228074,-0.32927503183790985,-2.6107963652819515,1
-0.8224874989439279,-2.0148352089212334,-1.150100171566511,-0.6380523411983683,-1.1471265653270528,1
-2.8900674875931793,-2.663661745349347,-0.08770164948598314,1.3196851705146897,-3.989243698226356,1
0.03303221181038252,0.5102471031366596,-0.8336350472938798,1.19705659279928,1.4072771577629064,0
-1.845526846772858,-1.8568855011363041,0.5944076179358364,0.23919861761475658,-3.3915884334287747,1
-0.3267845117848479,0.5697099592744961,-1.4196416195243757,2.328364579494332,1.914391662720638,1
-0.6424272038337193,-0.8463688413994499,-0.6911886412046451,0.8386327076907271,-0.3464161471217404,1
-2.2804852085527463,-0.8154560261872307,1.9199974722890825,2.0293163168252826,-3.963609841585225,0
-0.7239093113500438,-2.0506765547955825,1.4022155969404415,-0.06371225061109032,-3.5182502991338014,0
-1.6808482445275579,-1.3019679125851182,-1.5563732218007438,-0.6638776062742658,-0.8594743197605315,0
-1.529237801191018,-0.7348328036984215,-1.797387990958787,-1.129220235256714,-0.13671229294434495,0
-0.3496856523114724,-0.17690776538388397,-1.1214269847986433,0.7209987420519746,0.7984729271847348,1
-0.5335387355818138,0.5144414994627244,-2.10571275073476,3.3881800399852517,2.537911871212297,1
0.2583439418826634,-1.3148284536971444,0.03858002861569332,-2.5218445208659275,-1.2156364587802404,0
-2.364500461766502,0.8965256405854931,0.9157677707668032,2.8335611232123785,-1.608305923519216,0
0.4745191967810095,0.8300329157874694,1.4709381852364833,-1.6706688617238843,-0.6780170768347082,1
0.8195927831987864,-1.7941965096227666,-0.35994945053836647,0.3397392288862522,-0.35525197629691474,0
2.1432397686266076,2.0828824344330954,0.7526245217936646,-3.312327397463978,2.032934951469308,1
0.5030703773779921,0.10371587113805003,0.6650025497383951,-0.5460038678773096,-0.2652278076868696,1
-1.0014883091677118,-0.22635937934937722,-2.8782261879216926,2.980195171958341,2.3073291788656944,1
1.726276229582537,1.1490196180207994,1.283292350118392,-0.24709626501060866,0.913295556475002,1
0.16478192376190504,-2.7633259121273435,1.349007407781691,1.9517142772853873,-3.0470303507115815,0
-0.6680350041091868,-1.5335892278136103,-2.1961356664943015,1.0974276341958502,0.6159869273380898,1
-0.07969114507973307,-1.9740988167992308,-0.5621987835747297,0.21482700635139262,-1.0014739146848894,0
-0.9938231076809149,-0.3214563897021687,0.6477419710880186,2.8332088112924994,-1.2365864511618039,0
-2.2645910978223487,-1.917210313269477,-0.31334596456794905,1.329623884348641,-2.7127135435563403,1
1.1276691233568958,-2.3174041215813723,0.17143177729036319,0.7914340227642374,-0.9790733895426655,0
-2.6786412900194057,-1.1240537755663849,-2.351018284056063,-0.913211781815392,-0.7424201944049282,0
-0.8804607843414443,-0.9262481968910181,-1.1522087362515179,0.6803735849530543,-0.160962661193768,1
1.2111179263323764,-2.5304431085165424,-0.08506108035428717,1.1288438012645945,-0.7798006294031734,0
0.0223519879827192,-1.373047504278173,-1.1436410980056273,-0.0747051999305921,0.06834724183059726,0
-0.46806215732448875,0.2047678487869804,-2.1706489800458835,2.7172185362910612,2.316642977040652,1
-1.441977634622739,-1.7333450776363382,-1.8596486381722321,0.054748666059754925,-0.6092005242099983,0
-2.1499049898559974,0.3336426311255083,1.0595596395002815,0.9271670844086858,-2.2924384939654336,0
0.5612879738741334,1.8836908378244128,2.4129974191830827,-1.195823950472703,-0.6542849309043928,1
0.9346046715548126,-1.143895347602488,-0.5577853105332968,0.11877100803435492,0.3963682525895148,0
2.400913953910482,1.7432321619125828,0.2825813591435633,-1.7572553081440727,2.6516623212235055,1
-1.4344849435377047,-0.7165705508450835,-0.42199636701870913,1.0164876819269304,-1.090412479159832,1
1.6075948897170833,1.4736634491006264,-0.8939219443321709,-1.0227772519629805,3.0952896672975725,1
0.1878635243702429,-0.7996447712788889,-0.1142709373848001,0.31020454570093947,-0.31648634394905223,0
1.6038241560952327,-2.7847043988617655,-0.10371629639348978,1.5944072785574348,-0.5904935139929997,0
-1.9284240417363954,0.1160849444857881,1.0017306993000086,1.783436820987271,-2.1113845709175547,0
-0.2926063338488045,1.3976087591249002,-1.2442449409345135,0.44832949320445237,2.1375374568391123,0
2.2441264821162217,0.06231548269637932,0.5905331714784118,-2.729931656313469,0.7943347195966002,1
1.8199822180504897,1.6468770590705981,-0.13957739002464242,-2.1880664770103344,2.485000478205375,1
0.6440061251559746,-0.2246901311220133,-0.8249409265180958,0.7305209343920779,1.2324356870738424,0
2.6364009318124775,-0.13041124476744081,-0.7404258499973917,-1.7252736542685865,2.394075852743018,1
-0.884007944194515,-1.5803866192550204,1.4710868355667337,2.9710130840141664,-2.910488186972167,0
-0.9673258644803864,0.1752655988102776,-0.23544851958512536,2.264000826272637,-0.04938125369781454,1
3.6228170134573205,2.5335074201521355,1.788318460031988,-2.0269227791006297,2.681342477313593,1
0.23472740971337047,0.6723774975949282,-0.04217497406120596,-2.7488924512906943,0.34526236449819353,0
-1.1703713288326427,-1.8364852970360546,0.1483197859172818,-0.07274639508742053,-2.4670490559717195,1
-1.9938914558443972,-0.9850027885416244,-1.1264044955417227,-1.3815076413511314,-1.3787159568317828,0
-1.096245449617952,-1.503560718368878,1.340141979433056,0.9714481558064106,-3.1718993372287336,0
-1.702021633304712,-1.7123659033356704,-0.4720715225771416,1.5927938627443765,-1.9312154878974601,1
-1.3524964899636331,-2.60621124703787,1.3436791918467668,-1.474619685477672,-4.572288682540641,1
-0.20842084123570825,-2.191773655287042,-1.077080747691617,0.6909142309695819,-0.6949575297302981,0
1.550701253118243,0.7488432413459682,0.7601766404243488,-0.8640929352604156,0.8946202715101228,1
-1.2806326918883648,0.9349637565835571,-0.6560703584877889,-3.342083067722135,-0.09466144024696876,0
0.7043373471809737,0.8829789152072023,0.6451613647736834,0.6100680772122244,0.6747851488111506,1
0.7857053042812292,0.49139051317810745,0.6151889542478547,-1.1260146028718503,0.21554706435844428,1
-1.4639286855932476,-0.647198639206086,1.2356918190924404,1.8566165094136764,-2.5634985261665486,0
-0.03471828522179132,0.4969313321351574,-1.8593818305693972,1.7959028765512244,2.4362520406053405,1
-1.1859480876096948,-0.9932873299771694,-1.6773208730138227,-0.7279804793511728,-0.13359962381161683,0
2.072385979549834,-1.1490465257368858,0.10355810018959577,0.5384807128204128,0.6746579996656161,1
-1.8817825381556634,-0.4187172588720498,-1.0573579822721857,-1.9803619965338497,-1.0098140916861398,0
-1.7973868822079244,-2.549710385821537,1.279533960018274,-0.8549298002706283,-4.717281803815776,1
-1.541558249084499,-2.081187658918029,2.286866852060703,1.8642055408646216,-4.757688758844865,0
-0.8099723348094291,0.8997266243251125,-3.100654916984001,4.7758665067666675,3.797549238362847,1
-2.982484016875123,-0.42881637673073036,-1.979848442962207,-1.9959924821097657,-0.9576577333549579,0
2.0449798029742157,0.08122266744072926,0.7207645543842583,-0.11510199249368303,0.9038354388206004,1
-1.1393355528201172,-1.0529242817696143,-1.0626215414205262,-1.0059281626683099,-0.7861751832922694,0
1.1447083608711606,1.9023256044840973,2.3435147899523554,-0.8793270911482368,-0.08024086958731669,1
0.4709086523710936,1.9228059927021235,1.969779336576507,-2.338038168259221,-0.4226470370919966,1
-0.8820444848699872,-0.7388413251072752,-1.376448449843313,-1.0034466609580825,-0.039299368777643284,0
2.6123049438128714,0.5402455912572695,-0.19218789151535542,-0.6211135584847168,2.51383108146085,1
-1.5491685343667787,-1.689645983849252,-0.5894886410084009,1.0025397538947562,-1.766342044066345,1
2.2702225016471456,0.8178970504167088,1.3492755233439175,-2.307465854350767,0.7139486951483722,1
-0.5318744969735063,-1.2500853978026094,0.7634304691649195,0.8092170146871958,-2.0028902765751946,0
1.1704494918389963,1.427283387295057,-1.5962404149535776,0.5360831668840518,3.6369205045372706,1
-0.46863976632303395,-2.4137142139519137,1.4128563273425503,-0.15177580418045467,-3.626012944517231,0
2.4545539715624796,0.9445745157893662,0.8844797495223797,-1.27175079536386,1.5565801443823901,1
0.09621047056702392,-0.22735246518913255,-0.39175098211404524,0.5515540627389952,0.3612451145125094,0
-2.1489920659685993,-0.8952206561297523,1.9114685993210747,2.060883583118179,-3.9116659524961888,0
-0.7965351505058234,0.4607128347473206,-0.09481896157539249,2.195308028598704,0.15369469302957944,0
0.31313173136493466,-0.1543133216467355,-0.6170684898410712,2.3894037537887134,1.0677488183987671,0
0.23311926216909962,-2.6953068102542277,-0.6078439497969172,1.1560325826216817,-1.138707440801087,0
-2.026369781616684,-0.060018384584905715,-2.3087639438860945,-1.7480645068318283,0.41585583852028796,0
-1.9357137377291251,0.7008866563826315,-1.5651909317971628,-2.961041456400427,0.16936377068883424,0
-3.8782264332107887,1.192988244700425,-2.1981964319212537,-4.032194272204866,-0.4700626537409145,0
-2.798055985651035,-0.0684036335808128,1.7691326844853603,-0.5351080831850743,-4.003177049871236,0
0.8789720951632328,0.645071510219957,1.856035722940161,-1.6484924740545828,-0.88551971401546,1
-0.4765607417999933,-3.51145659194169,2.2855505048177474,1.2547661352497521,-5.132144359325975,0
1.6389350083488556,0.4570608851836754,-0.06483566084662917,0.7290517517077599,1.7739887088275899,1
-1.6640439266848812,-0.7126879010361256,-0.9012707807121538,-1.6981122256476446,-1.1824694292283984,0
-1.3395624922579914,-1.5173045315264582,0.7815876373489619,-0.4933880031630662,-3.0312147959498175,1
0.41013138943457017,1.3198578781718,-3.342223561868043,1.9141210655089869,4.88115696397872,1
-1.3432585830749093,-0.26909521861865027,-0.09910197066062543,-2.427597864595871,-1.4857503656022897,0
0.7316963896883335,1.2717532452883842,-2.6255382034803256,1.6106867389105464,4.344164999877433,1
-1.3717344773852846,-0.08909610588793071,-1.0683240413407422,2.2339119981938644,0.24935250848662904,1
0.5851722171912976,1.8844933751149533,-3.355521068143243,3.379643074493014,5.673557727995117,1
1.451633476168573,0.8856389897793209,0.4914362535983464,-0.708658467589204,1.2099799210527995,1
-0.9482299955245116,-0.19085847838304093,-0.11998535052464643,2.0260731694034955,-0.46436184999851865,1
-0.9502817329837996,1.7547908124650058,1.8975624435714835,-2.113317281128364,-1.5361727002238714,1
-1.3852690074872602,-0.9848855764249717,-1.3136584509614697,-1.0174647196537472,-0.6774465876280076,0
0.6762034311025547,-1.2293908608578648,-0.17912333468559893,1.4120922707485164,-0.052862185975457,0
1.2080647212199307,1.1984846211258708,1.349680811992986,-2.004984089459229,0.2380351065884383,1
-1.3764657991878468,-2.460521996239682,-0.8418134607146763,-0.6161539455435059,-2.2134720998829005,1
1.876624609257715,-3.083764930362708,-0.06783160861140192,2.0192717907776916,-0.5867205630241341,0
2.9573106892183456,0.8637927188164589,0.8629157088585437,-1.5476234347794078,1.860389177894547,1
-0.5435498526365437,0.4614855219452041,-1.5216531898425791,2.7327723659701952,1.8230958477317727,1
0.9707615498732851,0.3573214642820768,0.6348995942939919,-1.9373640346657601,0.1180690539270105,1
1.0785989683525352,1.645201820248902,0.771595320392137,-0.6483846698451232,1.2444801845218771,1
4.003433353473509,-0.18820154755218144,-0.34694322732218064,-2.2853828954840782,2.929143389388932,1
-0.3358089561969323,-1.5124211447971154,0.38570102155287755,-0.8994665884204595,-1.9300138523271737,0
-0.5364398213921475,-0.41543527562444493,-1.4376073216378875,0.5121150565712127,0.7516118895146773,1
-2.251284959910886,0.9076079347690087,-1.4658213401833944,-3.3955170838957005,-0.07224979794023356,0
-0.90509454468881,-0.7906210725994898,-0.20614737381726622,-1.6192253791766955,-1.332004162482949,0
-1.3681933690734314,-0.34816923717145476,0.8253437250897004,-0.034819714451461925,-2.128710643206502,0
-0.05770120126032985,-1.4623881716871796,0.5163295720615597,0.6862181329560453,-1.5794236163395783,0
-2.306203840169835,-2.7707559957177654,0.11022147657602854,0.30613383203335953,-3.964537441326754,1
0.5678352214419189,-2.572389422122324,-0.4669871036032206,1.1365378283029215,-0.9287581066195865,0
3.4411537019086813,-1.2447809081672927,-2.620778815162485,-1.9419910947111432,3.9618926909172703,0
0.5758758563168946,1.552724398819239,0.9945715209584282,-0.434496981959419,0.6008276508403008,1
-1.4999159228919292,-1.328515338648665,1.620988001841265,0.6525106434031802,-3.666598554103808,0
1.0881814441346642,0.6419869947725483,0.06914691683294916,-3.7129015918857236,0.7272736766581473,1
-0.29976120827876085,1.5352230645556815,1.3743630800772055,-1.1356856257866976,-0.555079924798787,1
0.9974727844816719,2.1890394508235183,2.788271337583753,-1.4393428825127301,-0.4878936453432283,1
-0.9098257813915539,0.6291160398484561,0.2569838001065128,1.7427518611494992,-0.2127299893015789,1
-1.0379663710377998,-0.07809633248937942,-0.10439404721521206,-2.4510271631995013,-1.10314707106618,0
-0.5732690143116157,-1.709140845396084,-1.4678145096546142,0.20552357264454435,-0.2885064052282569,0
-1.7326000265856223,-1.1920655426876912,0.4591900415668835,1.6379183163723607,-2.459536972303983,1
-2.658313374624031,-2.425022585819197,3.4060343344711734,1.2434912821603905,-7.062686237199474,0
-3.078520314923204,0.6868345896043437,-1.3077886283084732,-3.597794655859134,-1.0590439185632183,0
1.7018345757044449,1.2769223761582071,0.10528375309007532,-1.735172458199882,1.9343269958242444,1
-1.2277939328135241,-2.413628847855642,2.148064567894014,1.942643634286806,-4.626799667090411,0
-0.8135731738649256,-0.6939652344115219,-1.4055601400916748,0.7220975116641151,0.32357254099105526,1
1.2478819503628213,1.2025108130312834,1.6573661782571811,-0.7174899257546214,0.15463975010288755,1
-0.5675702454737943,-1.1382552601580997,-1.3752040483711467,-0.41551045042309087,-0.02371359311288046,0
0.08524989601177935,2.850718933345182,1.508651034732114,-2.505200276472586,0.4258574043218861,1
1.0767701650928183,-2.2099864367009103,0.1395810965599631,-0.5559163822745714,-1.0971101699618286,0
-1.6568737210560185,-2.55043484464994,2.575812860150548,-0.956349011084703,-5.895238963121717,0
-1.4399226046066627,-2.284333506965506,2.137371724632885,-0.596432593376609,-5.042855001638257,0
-0.9880467188712871,0.7640873774855133,-1.9068943243237144,2.7036340011782762,2.0898295638745195,1
0.31298881694052905,-0.5140374646254237,-1.6660868846976196,0.12482186471186674,1.4936202397418958,1
-0.8134374797817248,-1.0794685202823118,-0.4840109997447647,0.187582883042119,-0.9533183304211992,1
0.238062692887828,-1.768099982970603,0.460734906629227,-0.3541433534912328,-1.6836203820433089,0
-1.7008137607316247,-2.456968037717508,-0.22347739169992664,0.6212287272241771,-2.887366924578795,1
-0.5586444904720691,-0.7772268979940227,-0.37600250397885204,1.1155366030977603,-0.4982004608432623,1
0.1858778682153186,-0.7064981700325634,-0.393019061529461,-1.1130196151762808,-0.17704077193147114,0
-2.5047068354648205,-0.4247808943094826,1.8001337190434046,1.74548558422756,-3.7570670431314643,0
-0.380535607101242,3.03463543884448,1.9089943624930235,0.3556700421631731,0.22923741024723587,1
-1.238297334679673,-0.43680298844253884,-0.2186045511490029,1.4417068690132515,-0.8629918159268488,1
-0.29363034682494815,0.738263642229765,2.187277820750868,-1.070329998172853,-1.9522116760857169,1
0.4601422735225217,1.4954295488119285,1.5832841054190174,-1.3437962747974674,-0.23914984252593396,1
-1.9731188480696913,-0.23996787007700204,-1.537178480909955,-1.9892868297028738,-0.472898095646328,0
-0.4212915607700637,0.7609023680895424,-1.94674547740131,2.3138937660405743,2.5040193152836916,1
2.0939436812601047,-1.9447875061671984,-1.0648431486240169,-2.130656986685144,0.8399021301984981,0
-0.22673684102610314,-0.5942785013868224,0.5547362290845006,-0.938297639846841,-1.3098140775254972,1
-2.7260549878733724,-0.0170157888424205,-1.7137408168653652,-2.4720085496424953,-0.7730094180747396,0
0.08363464354673256,-0.7209921172996678,-2.2457939980179664,0.6569967131653298,1.8030116059165415,1
-1.7865784674992806,-1.4051184465208184,-1.2532022374078455,-0.7985398457283641,-1.3362861907048087,0
-0.556448628456391,-1.9168147225848406,-1.1294829183363082,0.1845125991274169,-0.7703531152388077,1
-1.6777331330787806,-0.6442841645698997,-1.273976124483273,-1.5261976411725118,-0.7503030067185794,0
-1.9072943679341798,-2.1870281021542413,-1.8191387589891925,0.30138557522155907,-1.319268384175019,0
0.6479940626824221,1.8495270141352618,1.9226005419705925,-0.8747204179948656,-0.08770347970612535,1
-0.08168408200112143,-1.2023115592589737,0.295307113506978,-0.2657293109189591,-1.31708781881098,0
-1.2231446297662694,0.04258870464085973,-1.685585711455489,-1.8321353806892287,0.4865455522862814,0
2.8807359275281823,1.4867255946384919,0.14546103026342716,-1.2651538003719716,3.0257635591795697,1
0.3748721098603074,-0.40067550447642464,-0.0472904435653938,-1.5547484885107115,-0.19880097751498255,0
1.5058740945352462,0.3424336929979477,1.466654182945421,-1.7400711787041758,-0.270965999552226,1
-0.6431789974689197,-0.4189042613442281,0.20366712508867835,-0.7731856777457877,-1.1253718084421092,0
-1.5898021807189604,-0.2227131250090889,0.9568661562835058,1.443619656925274,-2.1184030487763885,0
-2.0702997161631442,-1.5790376115150537,-0.0677405292942257,1.9771315634236246,-2.4512075321916567,1
0.5799416151797152,-1.6438335923315144,0.23872532331408824,1.8839756917142267,-0.7879044454009918,0
1.2661443757657496,0.44260252882892903,0.07918959121469005,-0.7800214144043505,1.1202433800825555,1
0.8824102597686845,1.9990439833969678,1.1674743212371723,-1.8128681019576978,0.8123949199988674,1
0.9201297064812377,1.677992895601193,0.7514924799246655,0.09135103226247376,1.2743130149387443,1
-1.728506382872341,-2.298594256770701,-0.7625361645157226,0.07915684665796519,-2.335865572279465,1
-0.8514041202086327,-0.27038761405821543,-2.5295642928433377,2.031403935632585,1.9104673398467176,1
-1.3216603668352713,-0.9352162548747073,-1.1793391320184778,1.7879162273152778,-0.31995359526334366,1
-1.7583438289267401,-0.06387005621819708,-2.907307200758841,5.002981811792158,2.172251699812187,1
-2.050801212762435,-1.3019715818651072,2.0739307496765376,1.6697280097533271,-4.365505815346324,0
-0.5840328169308295,-0.9034531519291576,0.6193332141480805,0.7482740236427563,-1.643011587114067,0
2.917983342545887,1.6432674470936912,1.9054104134138579,-1.3376898102380648,1.4398510945611651,1
0.4540862938341933,1.765928397922285,2.0643422123767636,-1.66555876289482,-0.5527488726848448,1
0.6065776522383608,-1.0793257911708318,-0.21662476360966165,2.3859152545897517,0.18596044657270788,0
-1.3808464963523885,-3.8685979271078295,3.3523460489657104,0.21745097068488028,-7.293301744055501,0
1.0867342123430461,0.8498470789270697,0.2685152211880686,-0.9480962529847128,1.0874311478732648,1
1.0291650862031474,0.005511248200891661,1.0466465080203875,-2.83541906144226,-0.6407969072183552,1
-0.6827823794490953,-0.06796616581903092,-1.1711404587422716,1.557550196479947,0.7963656645893816,1
0.41780537180440525,0.7238900978167093,2.435294784718571,-0.2825986907434318,-1.5493003465047934,1
0.004888998416997525,0.014438530133118133,0.12747583279667052,0.23385421398116968,-0.07652582733730878,1
1.713471652090608,1.300567926820281,1.9238454291422196,-2.2807770763995645,0.10109154421082911,1
-0.7100729952164113,0.5755892379002533,-0.0944708054048391,0.23813317570841197,0.027488519938784595,1
1.0489699697321924,-2.1326919113892444,0.14123534639164115,0.5331864108815689,-0.9042587989504508,0
0.7747828097301357,1.6702022715668519,1.8088567416347512,-2.1453906926770134,-0.19970769644740027,1
-1.341728654167164,-1.3264848121249857,1.3565182426701443,-0.4339836253013283,-3.440630770869646,0
0.4088418078666538,1.168394646591634,1.9695736968035784,-0.7096627776155331,-0.8182159720351099,1
-1.4271617628588782,-0.588260696439352,-0.830379075363619,-1.7594890029594175,-0.9836206628882531,0
1.8778428943156356,2.478960843331918,1.0682050439483262,-4.007388446869144,1.7264733540078647,1
-0.47852610562220643,-1.7356309080055716,-1.0025766835892085,-0.01368187586147196,-0.7238204596887334,0
-0.6588105038693473,1.808291230613321,1.0674614959349356,-1.7714574817151587,-0.4095050671198698,1
-0.6829990181631896,-2.0264599166903303,-0.5356087407659706,-0.30370749406709097,-1.6036651246753673,1
0.775099400820102,-0.3036912232664586,-0.2979181010139915,-1.3450458105851526,0.45775901037463285,0
0.6531355995389503,-1.9141392929439582,0.11937890849984711,-1.7845364703154463,-1.3493148448117032,0
-2.4256077754893846,-1.0161212674163143,2.1820221627944534,1.5804300708593866,-4.550469070892609,0
-2.003890908330428,-0.12752736811890797,1.194135914270852,3.3126821064638854,-2.3262810034403882,0
-1.753085428393275,0.18782476416687244,-1.4702494197490488,-2.336356803282893,-0.09007777280029039,0
1.355221301202239,0.19791407070555722,1.297752129995862,-1.7461921349856602,-0.3329868255370867,1
-1.3022935439339884,-0.3514744981766901,-2.083224940524562,2.5461427598726214,1.1394797277364732,1
-0.7096882989422932,0.8949057736336308,0.747271335115826,0.26035445175073235,-0.5476904250058455,1
-1.4533142361791782,-1.5043567581617472,1.7236327894792547,-0.350825850761078,-4.01097719135596,0
1.3334662930074481,-2.45534679051606,-0.031083371752106403,-1.7464715603208294,-1.0934139521044155,0
-1.1467821656968025,-0.7953799890177708,-1.2517593645764542,1.2152288664567896,-0.08950200360755511,1
-1.9013719846490067,0.22672751971572858,-0.8912860474799851,-2.806274453553869,-0.8082297962453409,0
0.4596185129346477,-0.5276129307232529,-0.603033194754468,0.40668103355106877,0.5939332429112159,0
0.615629234978609,-2.0526690287513425,0.5058747088783815,0.8222943425669612,-1.4898717169098867,0
-1.4207865916208822,1.6399992716795002,1.1480909500504164,-0.3266569955250236,-0.9939433164853992,1
-1.3271313908937177,-0.7880962186922533,1.197376459257283,0.8420755620082613,-2.675416285947517,0
-2.8248633800478937,0.9278373088612326,1.2732321294750095,3.5404853974703667,-2.185219473433023,0
-0.7430150152507047,-1.1182794884650193,-1.6767319823177624,-0.3906786937262551,0.15655764042693665,0
1.1356519907660378,-2.2552994348033226,-0.18269209018185872,0.8485743602032831,-0.5698523214632564,0
-0.03713901666096253,0.1967834771887773,-1.9215001910889096,1.1403236751020023,2.169843277108537,1
-0.46145989689557243,-0.43434781909061015,-2.048161625272771,1.484289102630896,1.5320732893995619,1
-0.2684955286361781,0.4386760925294688,-0.9646852986284544,1.8191923165623556,1.3390879432973408,1
-0.24604301919583038,-0.35583540814451253,-0.10010455229296289,2.5626547443094028,0.002907186751618107,0
-1.309217634843348,-1.4203709883885556,-0.6274769766324523,0.9328352997519254,-1.3479450489031612,1
-1.657771805682223,-1.3210633658790154,1.8232644532241888,1.5949467081117055,-3.8447044672449,0
-0.07271641055130407,-0.5700269501737943,-0.5772390786025432,-0.33119571724352626,0.023029408939140183,1
-0.46442221187759636,-1.921945234552204,-0.6828915131953341,0.05186548364421539,-1.160592127141248,0
-0.31011635423815154,0.4468882401314235,0.5456228856485923,0.8694128364954108,-0.3026407166054579,1
-1.5884098789536243,-1.8269700109605043,-1.25011871491709,-0.24620504180027158,-1.433861231578456,0
-2.812542315855584,-0.3658661071042464,-2.3099635572441306,-1.817065946868578,-0.429984610897308,0
-3.15285653692095,0.08418941011547276,-1.785380391541649,-2.7142084716883863,-0.9859097898974347,0
-0.368365776798268,0.2672865022064015,-1.2114986636916005,0.13541374693685815,1.131032832746923,1
-0.5620458320834136,-1.4162716005310136,-1.2588319205685101,-0.23213928865139433,-0.3216266551100595,0
-1.0919112579095571,-1.237203279631604,-0.17162919421085665,0.7477118024573898,-1.5137612843332724,1
-1.231523972828946,-2.8286873911524033,2.4608235626776525,2.0626695111194193,-5.239002614691069,1
-2.972642300479899,0.09041279816859005,-2.3680286333723752,-2.3175813919307333,-0.21543694473497954,0
1.2109893426796319,0.5717112562123083,0.6543942715804197,-1.542511479610489,0.504620499997716,1
-1.6763069112988265,-2.297345239519624,1.1173386175547844,-0.9905213547407923,-4.290564129249088,1
-1.144278779553337,-2.366026977483169,-1.2133972421018386,-0.4941896095538747,-1.5813954050392949,1
-1.5881015165786734,-1.705214904659444,-1.9165818090155524,-0.0031350146342179475,-0.6517717987653009,0
-0.813001815115191,-2.3283229191420345,-1.261578043253406,0.6506322740483439,-1.0876191056086602,0
0.7344940259305692,0.7342185096121656,1.3130237892789751,-0.16821700966098307,-0.18292690213293672,1
-0.850739069350809,1.3971090163453588,0.34745976257928557,0.20705963055485888,0.11585655048087234,1
-0.948808545248616,-0.7265272466046591,-0.545077039487808,-1.508298338605588,-0.9679672063317624,0
-1.3449642272645388,-1.9877215271629107,-1.0755907638805438,0.046944052279895954,-1.500636616295035,1
-0.36423737243130405,-2.287984403877947,1.3287285383222467,0.8168055470357773,-3.2279143129703387,0
-2.954219285813644,0.5372369611386931,1.588098299770256,1.2253412650612308,-3.2258087125503963,0
3.9697103939180636,-3.2264945318881804,1.6372025761890638,2.182089122748223,-0.7435084633037543,0
-1.8422222143877947,0.029015726038934098,-0.8126174085314605,-2.5850706613457515,-0.960832612294316,0
0.8185296299266711,-0.9346075323541136,-0.2890850462002933,-0.6017357620521877,0.10236681665870068,0
-0.3985282381438635,-2.9836945609473107,-0.8260697993640056,1.2853533186420836,-1.6117883761370941,0
-1.8881199909693882,-1.337979103505826,-1.8986261533750326,-0.5703920266950817,-0.6969658392619691,0
0.48068927698392416,-2.053989844863831,0.5198712931703228,1.1164928284334172,-1.5656355084950873,0
-1.2433389849983671,-1.8866107948976227,-1.8078358143428244,-0.04914716871104896,-0.6411338871027765,1
-0.9360875923678161,-0.16507792721293324,-2.1818036189104224,2.898339748785867,1.710389906675906,1
1.702879794405634,-1.238375301949814,-1.0586798859844655,1.279389201593979,1.5683537800922362,0
-1.4200465971532341,-1.5065479979743999,1.6851066649216992,-0.4422428392159994,-3.962573730691896,0
-0.30162459614464054,-0.5378979409346514,-1.3488654774807793,-0.9724711806642892,0.53697750165714,0
-1.3962012327370208,1.4828839546667831,0.056773682093003375,1.9459797148544054,0.2989737300258356,1
-3.372724729878545,1.0299349542205012,-1.5249269270562318,-3.9819647732636265,-0.8617684436663169,0
2.0550749651275417,1.2471380912622934,0.33981779783458055,0.7091507063486377,2.3020987160065745,1
-1.9125853067907492,-2.913651494270289,2.956476441025364,-0.8551091903686769,-6.729423970538548,0
-0.7210782673452071,-1.350735353321983,0.10563633322136656,0.7183685721030817,-1.5936091497823317,1
0.9069116538644522,-1.951390962848575,0.1089058692393905,0.3250170040513851,-0.8712635079690879,0
-0.17358596039945673,-4.2666862050429355,2.4485978733562677,-0.6437160500121712,-5.914740672354939,0
3.6348457716402045,-0.12065372554011944,-0.019150813857677917,-1.3166202277054082,2.516978138761749,1
-1.0714516926332083,0.1188280901685066,-2.3659248994284896,3.875750076409512,2.146340621187713,1
0.8770688212066404,-1.1378407403116708,0.7517412586519847,0.3464661733680703,-0.8936343047005628,1
-1.5963303005648486,-0.36095027647534494,-1.8458850599273005,-1.5177123128899925,0.09211477425754722,0
1.1794801093540186,0.8613427627463875,1.2230725384418504,-0.4324439324917657,0.3057059167760636,1
0.2776058902409311,-2.6125957303539833,1.2223256762091308,2.8865207379612348,-2.586352401777715,0
-1.7854146628896916,-2.410455734500764,0.41787019439154927,0.19414859940838514,-3.605937263266181,1
0.276615752322265,0.07828351291672986,-1.8455379133250318,-0.01764867646935775,2.0779853591983923,1
0.5804024536903643,1.672920076836822,2.453426611683123,1.7774038967330772,-0.41557963275094667,1
-0.5519102122420498,0.0006835296588447726,-0.02352366992383237,1.9529541413966731,-0.11856015649330254,0
-1.765404205823147,-1.251494558799736,1.7812362180098185,1.5793241666575475,-3.834430700355446,0
-0.479799529066542,-1.492741137110174,-1.3600140241125218,-0.053394041838914275,-0.19290940305778337,0
1.5124631760011211,0.51585124281298,0.8571723069880762,-0.30403244672197516,0.6709458385371663,1
-2.620856154923511,0.2913957468596884,-2.072683793891306,-2.51926589949244,-0.10974752139777078,0
-0.3399000219601941,1.1240612727046133,-1.1026751909496917,0.1260328412591255,1.7054896095737475,0
-1.6591058246134556,0.11990893183650386,-0.788474585675093,-2.6268075724252444,-0.7803351389745996,0
-0.09815936799385849,-1.1390312958512794,-2.5048659649922653,-0.20729475501247108,1.471596547104934,1
-0.5087311889544128,-2.6590759816670326,1.7126173404050269,-1.0508981041672305,-4.268534401782066,0
0.98265897483019,0.6335148609980534,0.42127281723667254,0.08129274496758843,0.8388862688859866,1
-1.679988189025316,-0.46689723089039414,-1.681612842032996,-1.5166871102091397,-0.21440239591036603,0
-2.501192263345149,-0.34283032270260017,-2.0145206867745644,-1.8308706793324578,-0.4656019189919849,0
-0.2973612653798864,-1.0255310464868235,-0.5504978816811443,-0.8990386311287795,-0.6076414177529081,0
0.7617027654493336,-3.2609395870433406,-0.5520039160298217,1.9870526108874063,-1.1061960866875913,0
-0.15242741209549182,-3.5922266535998473,1.9467670375058637,-2.574718685553973,-5.163510162675455,0
-1.309647708484547,-0.7619250330399111,-0.5708451171862579,1.4122334739285989,-0.8273064610776133,1
-0.966705520841524,-0.6575338911577787,-1.4091438169178232,2.5055531723053277,0.4937311367639128,1
0.6264957578427861,1.8731809347237136,-1.5877310491407366,3.0789067345613237,3.920929196364451,1
1.175748438494583,0.4932092878130937,-0.3503919248401812,0.07792962149314442,1.6341056113248658,1
-0.573717704449157,-1.1136202385890386,-1.1832755028636712,-0.5980426583279945,-0.2236721385470657,1
0.20619457345778636,0.9196178819051518,-0.5352897119716302,0.37437103748059286,1.4450778803959947,1
-1.6393458802314882,-1.801343774320918,0.0863326298842535,1.5083228211106117,-2.5112264591174553,1
-0.41842646943060446,0.18057051204590757,-1.6777373335960113,2.1327508902379186,1.7691151185617353,1
-2.0708023751635047,-1.251373104500582,2.0961288007409005,1.8169539186110144,-4.342433282104826,0
-0.9820974046987682,0.41105433623703536,-1.8257640232090562,-2.050129607817361,1.0611543700235346,0
0.02902460756591252,0.41172166028486923,1.5611947447491543,-1.8711657968774484,-1.4584995734514492,1
-0.5208951076172024,-1.4871236281669389,-0.0025227112789979467,-0.7972796787295375,-1.6569632875680669,0
-1.8240038845669422,-1.9464453933115604,-2.877882904246191,0.6724876464120542,0.02069915705353509,0
0.736555234231214,2.298138303663424,1.5304735419833264,-0.22010052536008629,0.8040835045361114,1
-0.16880220845975125,-0.11260754910993265,-1.386629016077508,1.181389077128844,1.312292014104919,1
-1.4020126727103248,-1.6405983546502885,-0.7445301165331211,0.7277439066837628,-1.5034296824762663,1
1.4849755682290735,-2.1163673104372682,-0.6337496851242288,1.1220081366340673,0.28567585811175544,0
-1.0293420555010513,-0.0015100326777282014,-0.4200151772105106,2.1499871212058355,-0.06860067164165551,1
-0.7572932267135195,-0.704584305289082,0.7022676982613689,2.5675155030089463,-1.4426444983615163,0
0.5182005837455379,-0.5605689765790933,-0.5433067723644709,2.179940064889811,0.8090046439917822,0
-5.166140074780418,1.8357585008263082,-1.689156713089269,-5.573613307488849,-1.6792530856066707,0
-1.7790875167313844,-1.8833514217029022,-1.5827513796522807,-0.10054330130104483,-1.2763169369471699,0
-2.1395444579946115,-1.3039845407440733,-2.065120477817151,3.217766739655614,-0.15682312750886096,1
0.07953963634596195,-0.15729241721310872,-1.942613571578398,0.6704160710439908,1.9393724182883794,1
0.056033279806755765,0.10777882863147381,-2.483752196397457,0.7357412290503653,2.6654652223635242,1
0.5433474056591558,1.434629134340751,2.4304468064850933,2.068386151289,-0.5634363668126878,1
-1.308005582841042,-1.544565376299377,-0.11250172111591428,0.3241172533341138,-2.034716169104062,1
-0.5548229096903681,-2.5466952435759582,-1.201521113219512,0.9817449467055659,-1.069937130068106,0
2.9396825879025057,-0.13376521470448277,-0.35497733031566403,-0.7427691312966285,2.3865630464564584,1
2.7159285356098843,1.2145027457141597,-0.32249231986869686,-3.197816856234641,2.8713219572006543,1
-1.9860351898788915,-0.27764970657409616,1.3067092507371532,1.9882662370159907,-2.7285716062921175,0
0.5577026347816979,1.3057118897773634,-0.07090023175263171,-1.0690544946619769,1.349623817851494,1
0.5011926392921862,-0.4217291933785464,0.6082907590505042,-1.7936185261919042,-0.7951234142641681,0
-0.6412573275874618,-2.203041574447532,-0.4235772663652101,0.12384809210382608,-1.756400866826626,0
1.8740028270409388,1.7151529241431778,-0.51309544891217,-1.7918518054529873,3.0018056087032465,1
-1.7805606133338348,0.028135168816708633,-0.5716052816078001,-2.731803059693732,-1.1715737949173644,0
-2.914720598378379,-1.4485924253946934,-2.3418420586519932,-0.6251862827328751,-1.1409376898121297,0
0.9200947303477733,-1.7888238470129716,-0.5756419732814992,0.5283262012718055,-0.03583369236089895,0
0.865549872598694,1.6401869462941838,0.9235809582799988,0.10435107339824023,1.036637004658708,1
2.1136839588652085,1.393168201773501,3.3592924324202946,-1.4503146846223705,-0.8090678596307801,1
2.4360007838147713,1.7158673244730536,2.3973552403913487,-1.9645979692989064,0.5552372799497101,1
-0.5892590150224408,-1.0406459746054335,0.22537177407385944,-1.4333862921555451,-1.6794845763830146,0
0.3215578378432644,0.05876452754139394,-1.263312584936393,-0.07175798349676832,1.5189807455289412,1
0.25391628769495656,-0.511402610890229,-1.8369000603073105,-0.2982481298938815,1.5572152597447109,1
-2.779212268922393,-0.5586145446183679,-3.3842652682341616,-0.9696486722886153,0.6211520088059257,0
-0.8960045445901937,-0.37890272565279537,-1.1506052411117111,-1.5584136623276135,-0.07330129328432489,0
-1.2929556028520026,-1.9389711094301127,0.12705464204500294,-0.15762904789815724,-2.6311616950318504,1
-2.075631218991214,-2.3582219895120247,0.19892322166587162,0.7985399513390058,-3.4864141272485916,1
-3.9892623918641053,-0.5323726710871548,3.169669855715116,1.3330303534449677,-6.376694014703909,0
-0.9380430615125755,-2.685397670675006,-0.6664983549921517,-1.3958387958981344,-2.3351432392705664,1
0.6388925338818117,-2.1664016023015615,-0.4845632706173002,0.7271541188761212,-0.6028113452066611,0
0.07693550208361066,-2.1796887059471777,0.1882987363326316,0.10281240581307127,-1.7917473289463628,0
2.4587705888817455,1.2080517130116963,0.1949247047871231,-3.490954608362126,2.1205868401397394,1
-0.3968957302795235,-0.7657052662637116,-1.0855994587882452,-0.9333668362332509,0.036056550936804266,0
1.013964028576863,2.3147390940317756,0.7732135984217785,1.1953087734976533,1.974060909834556,1
-0.9036239916212107,-2.244244830636032,-1.4255874893718674,-1.4991502937943642,-1.2395565731288445,1
-1.4121786355144894,0.25587639028472786,-0.5832021459283081,-2.7622323959654134,-0.7072105285903701,0
-0.9597123414249549,-3.2302905533078534,2.4399599761381987,0.0863726171134005,-5.603671477405905,0
-0.9370127272000885,-1.406019017659585,0.26943990552330943,-0.593176403310848,-2.1499343055098246,1
-0.03581297491986679,-0.7719469498495335,0.25277374662421126,1.4819446345253573,-0.6579180444309698,0
3.199398719955002,0.41583321272018015,-0.1652419982731499,-1.5936929594858829,2.701081237701068,1
-3.824207034891182,1.1070644059436097,1.9466467418568216,2.7837157574627858,-3.579751558651335,0
1.5698188027706017,-0.7357760715452297,0.6919921660880473,-1.082790492338666,-0.2001088937066111,0
-1.0449227640867065,0.6319597864914497,2.0396628993347696,-0.4263845949500865,-2.3718127132345788,1
0.9515661534101184,-0.07799502063613017,0.22969778207831337,-1.420064696092584,0.23895551055616804,1
-1.2691223996945906,0.6424969732497707,0.127949551767643,2.217427018027122,-0.28270911143668687,0
-0.4734084244326855,-2.222571211911051,-1.095156925182645,0.6003878149826094,-0.9166368658808794,0
-1.008791906654332,-1.8355983682782386,0.2191680705464032,-0.4510768775005227,-2.466452670738261,1
0.8495775255591396,-2.564930727614727,-0.8300857049996411,1.4317840620336666,-0.30936996881143175,0
0.09495848124467021,0.3231502638554036,-0.8720131139916012,-1.9777509522259782,0.8928420185729193,0
-1.2495843252145646,0.7958253094601873,-3.1206209643148686,4.884083681805249,3.4162857269837525,1
-0.5398450982963612,1.361180932295619,-1.0978557551538506,0.6066582683579239,1.799593825961413,0
-1.6756328891718706,-0.025299139678879534,0.9281633793992408,0.47696616111316903,-2.1422674518219194,0
-0.15431889607045857,-1.6043201745267581,0.8472846011392838,3.5651501387305067,-1.6743768561642673,0
-3.116856914152387,-1.0563361412136125,2.8356960768865713,2.6097805812938435,-5.603181006670145,0
-0.033278392057212725,-1.0600527064772165,-2.309694542145926,0.13021622068496774,1.4392414771359434,1
-0.46461481737728105,-0.8102331002955041,-0.8526729483693705,1.1138984667881946,0.015155725892277205,1
-0.7872746088868425,-1.6838842755773933,-1.0768789323226557,-0.12078286588391418,-0.8625932829412304,0
1.3050776585851953,-0.4533470596384044,-1.2098937045310056,-2.522536052610313,1.4726084206050247,1
1.3670957610148498,1.6707174920472987,-0.02547217441148475,-0.3876869753343841,2.303286034244514,1
0.15962818229622044,-0.6096861771377575,-0.16061596676810797,1.8581668964809255,0.07572898129406797,0
-1.775150611387578,-3.0974244128108177,0.1897014205729448,-0.9346571565416268,-4.066044064146307,1
2.0756935052466536,2.0507716167261782,0.5902823937433196,-3.9184222790256804,2.0287165729770664,1
0.0010939805657677049,-0.6327875305951502,-0.04212685924651427,-0.5535060700346377,-0.5251836635585467,0
2.0837710635879882,-0.7729152768323566,-0.10260087238069526,-0.5069049626698482,1.0255747865349467,1
-2.158155953250284,0.616606686468373,-1.5941711317875082,-2.8697820609787126,-0.024271264462902398,0
-0.6641963160325715,0.5536991159878331,1.432563215858265,-1.0848785228735054,-1.6404295748612416,1
-0.08695637879103857,-1.114388786093925,-0.13154760298376,-0.9593180076896729,-0.9344438423359585,0
-0.43550347326288896,-1.3049239408889903,0.7752180246591448,0.901870258179761,-1.9697399811624228,0
0.294069064149342,-2.165985663982776,0.7057632487974226,-0.47490932284748166,-2.205038255880516,0
1.841966676561564,1.7546603883106136,0.6982622408444134,-1.8999648646950413,1.8051645642412002,1
-0.4952036544668509,-0.894463007029379,0.6164430307945744,1.4364020325152846,-1.466660133899145,0
-1.2196362486923609,-0.5180059967606472,0.9085728255838997,2.0061424064459272,-1.9350307955718928,0
-0.5701792124910974,-1.3845909963094272,-0.019804175885682507,-0.955051464344677,-1.6212741612513597,0
0.3393258214523409,1.733605260745981,1.9205798451059577,-0.16016317982241557,-0.30875051164631984,1
2.350565836935336,1.5151922924242975,0.2927388461621768,-5.128572039812757,1.9440507763666968,1
-0.8802708235609573,-0.4451187700683551,-0.6818452814972613,-1.6877640753933287,-0.5902466822107383,0
-0.09805070352835987,-1.4065442448832697,-0.8582505432609986,-0.22674816498782835,-0.35104225801324185,0
0.4058086007387456,-1.1468105845776115,-0.4868739676273415,-0.48037818535383736,-0.16569701606028253,0
1.1938281736257148,1.2629606252407206,0.09153354942353509,-0.37819973179763033,1.7430356753974559,1
-3.172525926206149,-0.6630346062156076,2.5202690508812773,-0.6129318261005032,-5.495364351168802,0
-1.7992451713595594,-0.9828458281227437,1.6358141216210407,-0.6403954645616603,-3.828856182537377,0
-0.8855293387261406,-0.6638040907519673,-0.9153517454895415,-1.3585160336227493,-0.4868691388367603,0
-1.1007397418776494,-0.7244946005708262,-1.14873909394653,-1.25785260243698,-0.45511998181822433,0
-1.153261863844053,-1.704930773750711,1.7182530558785287,1.9364966271338084,-3.6029805896660436,0
-0.9373620998642958,-0.8425982024055867,-1.5716825797964158,1.5714734464227733,0.39884396780737497,1
-0.2396161010646306,0.05587547791208647,-1.7353244162389896,2.4250688772187723,1.9080580704129146,1
0.19616712534749103,0.7891931816732513,1.9382019739424403,-0.8886995330782058,-1.2682055607356923,1
2.3247145302558128,-0.16243016499555774,1.33541497385418,-0.7870455180220426,0.23122346695593898,1
-0.5710755245851024,-1.1238418741208946,-2.206251065708246,0.5864270041454841,0.9427642187243253,1
-1.7255401403973696,-1.674862910601116,-0.9945151260800779,-0.6096753066026751,-1.7240407939462856,0
-1.3263949814543436,-1.1800470321398624,-1.6114988987459855,1.1846848489856903,-0.1753386758472557,1
0.5405472095693138,0.15265825556922175,1.6436645746174037,-0.4846823855579636,-1.14910193825212,1
-0.12006286797601584,-1.9999154936161063,1.0340124011236613,1.6849101333147387,-2.4057645840579225,0
-3.0935354714898806,-2.8613332147405135,3.927138926137531,1.6932226987637227,-8.178198622655094,0
-2.3405185963407042,0.8355999517945321,-1.0722490171673977,-3.4978405062517495,-0.5963855764866212,0
-0.002877975157774104,2.872109367164174,2.250573190870728,-0.1819150895223811,-0.01905715598201896,1
0.8487001277924866,0.12416815793040903,-1.2987081250107555,0.9262035500529532,2.1503352477108817,0
0.2524790524009126,-1.1886040710177093,0.03185042171922614,1.1064048211870647,-0.5960554674415257,0
-0.22314362787154707,0.9134858887624916,1.757768712094455,-2.158190366292853,-1.498228192984244,1
-2.025598339394719,-0.7237075473073951,-1.4321809511618526,-1.5402593937414073,-0.9245800034691911,0
0.8067029554174788,0.8630314141794153,1.0184615710115328,-0.9576407137125773,0.14712470693747082,1
-1.5029126966378483,-2.827106774809838,2.6158447294767413,1.654599940960423,-5.655764307643878,0
-1.6507962289083273,-0.3458019502847478,0.5081594878159126,2.8319568292565727,-1.621216440346653,1
-0.08977804552366297,-1.3426771099170751,0.4706169268006225,0.7367594024226802,-1.4596021918633704,0
0.24263351804529776,0.5283121172994418,1.8953157501351607,-0.38362653210993325,-1.3194037871423072,1
-1.307324989699161,-1.5730942008014375,-0.4449117632323937,-0.495644357970876,-1.8479590198667073,1
0.7973256576234473,1.1244075391972133,1.31597761032659,-0.6777761970305256,0.09006606933262717,1
2.0767927377793445,0.9269078135312498,-0.5581216544381877,-1.0992031363912997,2.692493669056061,1
-1.8701451111410763,1.6221098313016928,-0.08390434408066727,2.004494035278346,0.19010246544811965,0
-2.4637662061473846,1.0144912357839817,0.768761802347032,-0.17739957491253588,-1.8808424730968811,0
-1.4501121532301529,-1.7063001987097521,1.0062304304380794,0.7290785037865926,-3.306398540173014,1
0.3919287732652983,-1.9833684242494836,-0.23550903393174383,0.26152688710874994,-0.9613726679571264,0
-1.6069454913862717,-1.7884008403100855,-0.5645806441686912,0.41376200617019876,-1.9954978327401554,1
-0.25622728680783724,1.131639891876445,-2.2376675197533995,2.547345412366008,3.2347108599903462,1
-1.684078953340566,-1.189625852651243,1.785256856422512,0.9672939884248503,-3.8162029405551667,0
-0.5981859808438046,-0.1846168396314496,-2.418941891358279,2.2312865306500456,2.090519759560851,1
-1.3662145039221076,-1.5778970602259013,1.66908194394511,0.44871289049588703,-3.8329912585873362,0
1.410846595024589,0.8221871039889141,1.34224720554491,0.21462191696353017,0.42843880408341883,1
-2.0286153592922593,1.3130226219457515,0.24920915323768533,2.0182966894279284,-0.4939070508524599,0
0.6144166811235536,1.480295597690132,-3.469280492907591,2.232369430799247,5.331251182781079,1
-0.10099870628761154,-1.8092073145046559,-0.5144791576170098,0.016671341185455102,-0.9657907687227822,0
-1.0865484154923857,-1.8499283295042255,-1.1772790285477053,0.9922241608758225,-0.9615749004373164,1
2.9947291181921485,2.2758472973077,0.8838350471257649,-3.4288944291497265,2.6876741296149684,1
-0.7186812897685022,2.6258594469659378,-1.7124814000385675,2.8179027348983565,3.557353490879406,0
-1.2619445360842212,-0.48787935379650815,-1.187670049274764,-1.5468285631531336,-0.39922930427730563,0
-0.7282301133741493,1.3945279199953093,1.0209977941588366,-0.3928742100013487,-0.5384950979732179,1
-4.20842328555367,2.44608725707428,-2.234145089762113,-5.45126411733575,0.07547930944968662,0
-1.1138180613025883,0.6094976130338539,0.03268739613171978,2.576936336334751,-0.04448255152866021,0
2.3367060745141734,1.2897975810428939,1.1063187720103174,-4.554949269892305,1.0445863422086377,1
-2.6254512331928654,-0.8328434418056571,-1.9168112193329172,-1.4346712395190393,-0.9774508140048657,0
-2.133139779408957,-2.8876597358360945,3.1609790894806484,-0.3472183298039675,-7.005663590673707,0
0.13399864586099208,-0.6026474901951078,-0.24037592800779817,1.94425644610154,0.15205941141436619,0
-0.5073002545074418,0.2744604209216499,-0.4743550194273909,1.6885514570711053,0.5305740505300509,1
0.18693382199040265,-1.985565515166678,0.5833120074145794,-1.536517784276338,-2.1800420136293064,0
-3.08992791706208,0.6382752263840437,1.5281988822789438,1.9431134150128022,-3.0900902652238678,0
-1.1883549390446815,1.5626181959490713,1.2494146064022242,1.6086344647433655,-0.6977013584090701,1
-0.1597882419901706,-0.48892550760691544,-2.394276333285445,0.3918083129573878,1.9032810393298225,1
-2.2731937811444833,-1.051427756499797,-1.0234084338247107,-1.4887743293952989,-1.7598645619398874,0
1.0232162050717801,1.7680692622627259,1.7819286586169332,-3.165205372199433,-0.054043570315934986,1
-1.3896555065207399,0.7920969029978433,-0.5283603440902847,-3.3527864155620186,-0.41489898407214093,0
-1.0514447744885578,-1.8978301298787321,0.0770988838907678,-0.629106931839805,-2.433359598798283,1
0.05281664302144562,-0.4043181900689139,-0.6955631156470331,0.2240862263390142,0.44237961583541374,1
-1.8584753141432246,-2.621779572615428,0.2080298612773963,0.23434766872222024,-3.6133691888200405,1
0.8826696089124173,0.9407043592616602,0.33081456358842865,-1.5868380750525986,0.8487999016843542,1
4.074367293717538,0.9160215029975676,0.7672737875249698,-2.134007260562531,2.764673616213006,1
-0.2799369772479626,-0.8586916305793739,0.3302198632012501,0.05662947484244418,-1.1917445939594125,0
-2.407463116138957,-0.6652676747831912,1.944215304178337,1.1244289893047619,-4.098367392205464,0
-0.6338645863371133,1.0319866059010825,3.085066919572285,0.4052389648871406,-2.654214116139505,1
-0.6475413650552573,-0.9795245499786972,-1.4935443560819066,1.1294633818632285,0.37497829425923457,1
-0.780444854649627,-0.7255260085855588,-1.1772307513685323,1.4113331384328154,0.1996218055459007,1
0.6610549859722912,-0.4564521029281843,-0.69497874766279,0.9389311701522651,0.9692759298266593,0
-0.726284254555307,-0.8577214426120197,-0.6723045118567194,0.7702509261740047,-0.4476148777929395,1
-1.2785773376221041,-0.6015926484031906,-0.9044571238678113,-1.6632950551647365,-0.7938759907941921,0
-0.9252568240274386,0.7282142771344369,1.725224860351994,0.7614288681713939,-1.7276413432564768,1
-1.5573081603532888,-1.0418085855964263,-1.1995446136917778,-1.125177887365851,-0.9801904027194899,0
0.9182813349922225,-0.18979099379495912,1.4123737341203282,-3.14876232684795,-1.279529339242619,1
1.1864705893869234,1.1651296457333744,-0.21224498819286342,-1.0535322730597374,1.8628516274566977,1
1.2614770441106107,0.7006372526854939,1.2474021849543606,-0.8079280124029977,0.16682452253366886,1
-3.002677017853128,-0.6356858849940914,-3.0186739601797155,-1.2063662015134415,-0.001396266926941614,0
-1.4889622165157492,0.27262572584198086,-1.0291123961054132,-2.5580279455387274,-0.28676324033574385,0
-0.25311706959163005,-0.5999193608927127,0.0607232620567838,-0.41465131578855363,-0.7751487502125864,0
1.6322779202747308,-0.5100685439688104,-1.2569865580146522,-1.1857216567702347,1.9169109132825415,1
2.2031916884986655,-3.8928902888740198,0.20344434461966232,2.8885027029486623,-1.1021216991527791,0
-1.2493027471101477,-1.8361106117966575,1.8243064782478289,1.2232609386544309,-3.9837676865390756,0
-1.3181201565183922,-0.6266426630261333,-1.2768539520165487,1.9196969094818712,0.035155223589842244,1
1.2063502371215078,-0.7003502769206036,1.143565291221654,-1.4880972288073746,-0.9514149562428608,0
-0.5183394440256182,-2.470060233584715,-0.6753921262577807,0.5654636167141096,-1.5582118118503683,0
-2.4116371969969865,-0.17815989758112827,-2.150059184516693,-1.8800139663513273,-0.14434824955372583,0
0.05573713635479449,-2.053345292089066,0.7194390406609483,0.3199923703005215,-2.199906442632928,0
-2.6548413313010593,-0.9223522203898236,2.4623917453420656,3.30851881892482,-4.680505449853704,0
0.520170458717254,0.7066506586629862,-1.5619442345436536,0.26771699919403247,2.5117997302492663,1
-0.1912203034166048,-2.151142800771674,-1.4570043721179613,0.8715660328497659,-0.2522559444996322,0
-1.8077524669118663,-1.553492821575218,-0.5023297100234425,2.434008491811884,-1.739323302198366,1
-2.683669238393035,-0.38127700751382954,-1.372375379700707,-2.2234718612695676,-1.3203820824136765,0
-3.4381145615324065,-1.1910841661714031,3.1808679653739036,1.1435636440623307,-6.501246339680158,0
-0.35857669068117337,-0.6531730808319646,-2.2277975432149573,1.1345960861999624,1.567928216448599,1
0.8580140571157528,-2.188251773135548,0.2505762352040285,-0.1549410973131593,-1.298948858426776,0
-1.8459829452932606,0.8714381374404887,0.38054206150564274,1.1730241099678285,-0.9446204578205721,0
-1.025655952787331,-0.4789833217862207,-1.0243496331711284,1.8443190751123626,0.11444515462635385,1
-1.7688744971536972,-2.1642230325482243,-0.09413679391711627,0.35237617102832597,-2.8789730158059985,1
-0.5496668672221792,-0.5498406429630244,0.20360236576129853,0.045044398515907136,-1.0374564390362746,0
-1.5855051680098176,-1.6561392419350809,-0.9641477740957498,1.2873185712626989,-1.360311885530957,1
-1.104825366332145,-0.7242811262734011,-0.23851988485423126,-1.7741299391024317,-1.4240883623508571,0
-1.3974391459074142,-0.7453721289583184,-0.24362883055727214,1.4072038469024333,-1.203072892360889,1
-1.609468892096982,0.6760585873315399,-1.0314380766825637,-3.0549720072455533,-0.13679592802480622,0
-1.6365844692014888,-1.7807106175959042,0.6833169120186908,-0.03085789028478314,-3.2988895249261465,1
-3.3075084977805953,-1.1910819928222198,3.0082097902532237,1.0335011871774002,-6.247931636835517,0
0.6688692982856053,1.0545656205657352,1.4563079679485496,1.824312666931211,0.1591368809895366,1
-1.8048715708558718,1.19463452964174,1.7024531202153375,2.9715026298259235,-1.7015743488141495,1
-2.162831861551094,-0.11505175871816298,1.4708639069151874,3.3269129705844773,-2.7073693528788945,0
-3.6523358816283196,0.6999551551618088,-2.3245121769159525,-3.3178259217361683,-0.4512874927325239,0
-0.41133385419754687,-0.3282658655630085,-2.3578482466055597,0.6649810087529209,1.8382446762686082,1
-3.084790456520292,-4.410946386535889,2.360129712989858,-1.4594370780950627,-8.282768090362548,1
0.2856986414990248,-2.4734402293840647,0.8337100270284477,-1.872206290216913,-2.774222668596745,0
-0.5992964033270349,-2.311674201860483,-0.7213071576321907,0.43047737630796523,-1.4723502710758396,0
-0.6027713553121584,-1.6364290581483865,-0.075249406889078,-1.1399632458047146,-1.812571683111109,1
-2.104680894047636,-2.374910120371772,-0.9231750585244499,1.328563432348759,-2.3458844568745785,1
-1.0737781794801216,0.08061566444690671,0.3106234809067352,-0.2588847542942958,-1.1005986999949924,0
-2.1989907593839217,-1.446510075604894,-0.15107439053364957,2.635382490045884,-2.2714074953660104,1
0.46583222733908225,-1.3765007980409378,-0.8638554263753868,0.01130748130871373,0.14301262914260382,0
1.186122621163233,-1.9496340872812814,-0.10959467714831472,0.5107771584356182,-0.41560692528401383,0
-2.0878774949735353,-1.173908461967632,-1.2974898316158785,2.0947965140319154,-0.9302517065398397,1
-0.9084798618331786,1.0130326056904857,3.085475170610408,-1.3474451578862714,-3.1305216534250238,1
-3.4993166822979496,1.097918525843924,-2.2632006309272406,-3.7221033854230026,-0.1454188749170786,0
-0.9384975568396408,-0.23417155568625703,0.5718159597905033,5.111523073766281,-0.7259455373832249,0
1.622902954590269,1.652478169433023,-4.36373573114116,1.8665130787081872,7.0594324106465765,1
3.2571403639975443,1.0143539251692875,-0.5980056025284726,-2.8533027011068977,3.4502982283506776,1
-1.1093565106553303,-0.06789035658226727,-0.33739378443246804,-2.379795779115725,-0.9113310781180138,0
-1.815374428722273,-0.8037786032961738,1.6271433506207669,2.0262732552574865,-3.3123251951932424,0
-2.0146761261137835,0.38850292566313827,-1.561581001530948,-2.676501051407016,-0.09465969186555001,0
0.6287564924191611,0.8898251207110589,1.0716926097215558,-1.600996546671825,-0.1127062427687584,1
2.14296936056556,0.4959331921388582,-0.1948735909839614,-2.9580837892546663,1.7883135962506502,1
3.5019607833922537,0.5299796524078297,0.47327710147992885,-2.162969178813944,2.313161153481605,1
-0.9202790330799304,-1.0715650638435268,0.9971436447078662,1.5538705005916207,-2.2845709932470077,0
-1.5032717608359099,-2.221175789975427,2.291855939838246,0.7569911684604973,-4.999971011794045,0
1.3365574310677335,-0.8479662850899339,-0.1961829475689415,-0.5649074095996316,0.4796122064688167,0
-1.6062487103751653,-0.7974343762002254,-1.206448179772995,-1.3731059961977152,-0.8579565326377421,0
-0.154861660478522,-0.4302268600308977,-2.239642839072025,1.9599338662467054,2.0255779720385396,1
1.1498380037436242,1.7407427609699877,1.4114533943387606,-1.122109005816328,0.6776788835380723,1
-3.942925181219677,-0.06547699771350879,2.7733486721467164,0.11481059952991757,-5.767477135619181,0
4.311344309911066,1.9978860396866644,-0.7240359626976505,-3.961625165490911,4.97961347127879,1
-0.5379108277917383,-0.39032586464684194,-0.6737785546698396,1.4458741422419912,0.15517449780413806,1
-1.8826440324143208,-0.6457440257853604,1.608430069094049,2.741396704162444,-3.121053656826124,0
0.43199283053516657,1.357143412880229,0.9950754757983437,-0.038125730382739476,0.3962961051426136,1
-3.1186853807360126,-0.010076942441769265,-1.8848404086404362,-2.543924227136003,-0.9105853135176916,0
2.0594611776171092,0.25104929789934505,0.32723705857067276,-0.04686433461934203,1.4412987322735187,1
-1.1031788415847523,-0.5782917069023557,0.7101014202011557,1.303716172482527,-1.7986498849433203,0
-1.4774605873310742,-1.362531855722319,-2.0494210229195104,1.2394550782656104,0.005412380045477949,1
-2.387215014936005,-0.6847960283771314,-1.5882498688778366,-1.6658974985870119,-1.0362125807244134,0
-1.5229302647805247,-2.0148497511814263,2.1585201483968692,-1.310117293987346,-5.021574023983848,0
-0.8160228152279013,-0.10791845682450707,-1.0518073660342429,2.1835287993665267,0.6364479071603799,1
1.9802687616782744,-1.4404013717643136,0.853996318534844,-0.17784641997853778,-0.45856904549893374,0
0.7495297488128855,0.7230241298997155,1.358479008778485,-0.9357011837654402,-0.33462948083231603,1
-0.5066000606887655,0.7057997936229115,-2.08168773894024,2.811588483558883,2.5998721761633785,1
-2.6905515328673895,2.189890085483147,0.3477062369936387,3.690147261312752,-0.18085127914123322,0
-0.7401264089351294,-0.5947567065711283,-0.9668631626286037,0.9146257052399661,0.05393405200498247,1
-1.74352968382285,-0.9882322929598836,-1.6385072166782404,-0.9469539297651898,-0.6255783561532806,0
-2.022216363838917,1.5269507446183126,0.20046436133890821,4.903000510061998,0.13726458393641805,0
-1.1308415590608427,-1.306918261287244,-1.257880280834697,0.6835325174708042,-0.5419915833825228,1
-2.655886303255407,-1.3022387270127467,-0.6868423689341959,3.318471073016057,-1.8866317296065913,1
-1.2927878178302756,-0.2963435882528277,-0.18467292580076378,2.3053980815431228,-0.7057916938584735,1
-0.9229708895145702,-0.26125742637686733,-1.075298010169037,-1.7243349175870855,-0.10079275435934543,0
2.374626575647529,0.9917065732852427,-0.517905211643845,0.43189299979751317,3.150333238624966,1
-1.6691123510453867,-0.7925532375270989,-0.02131605064133235,1.49272585456601,-1.652837447356582,1
2.6975350707054693,0.7941903591805992,0.20386977020787678,-2.039442454429476,2.1833815443658144,1
1.2986069491441792,-1.090740434199694,-0.7647320578331465,1.4953568403604502,1.115900400251336,0
0.6641260186692031,-0.8956859542629773,-1.0620340979995786,-1.7184447563737386,0.6116743427009911,1
-0.7248415983074123,1.0014794860636131,0.8531891599205463,-0.8693207557079363,-0.7428439107607957,1
-1.1399438081879154,-0.9814564787118311,-1.37231495916416,-0.9127939779188216,-0.4146856063872728,0
-2.688778238221141,-0.483160753190888,-2.1038990935224966,-1.7212971250387645,-0.6139853678758358,0
-0.387626490359663,-0.2596389646643513,-2.1087440753136484,1.9049771852472084,1.842942172095027,1
2.0918109920833103,1.663247012763511,1.3129420933816263,-1.1603512331703694,1.4294154005644737,1
-2.1298589426286156,0.0891970069975816,-1.6959393472911026,-2.3054948775729023,-0.22869907894573038,0
2.143684474462291,1.3726652501915662,0.5965752885294926,0.04180767266593843,2.119379464700947,1
1.4652417159586562,-2.1113469530897184,-0.41983077510535516,-2.044470104493399,-0.3891209573747734,0
1.7763660500658323,1.2273795648639259,1.264014518066173,-1.2512803915590127,0.8869642968136879,1
-1.4725323357254139,-2.498422770353036,2.2711441304064026,-0.7439683749366233,-5.385128368715821,0
-2.0686408466603416,-1.6250183479077482,2.3835527836508117,4.072700907215156,-4.587195700480137,0
-1.6172739879813924,-0.9894798452275149,1.6414664176587328,2.584389457902309,-3.238038094148049,0
-0.6700086399531601,-0.3470603436572005,-1.0747760178259407,1.6385560744615284,0.508098138680133,1
-0.9025453696029514,-0.05499187924282467,-2.3743819041137426,2.732264592426283,1.9858475936625306,1
0.015569572260195508,0.45544736079259596,1.3356839459957328,0.9436432376899679,-0.8105519220204647,1
-0.7103239295843836,0.6348518476922895,-0.3239917904040488,2.0218247946261716,0.5536269339848294,0
-0.42992947153491257,-0.728634140476776,0.17564450900173834,-1.4832127814573002,-1.2754395251995068,0
3.0950093115494894,-0.10476873007319631,-0.7506017427889173,-0.5126837439898717,2.94840772731759,1
-0.33028995684531803,-1.7068326841630068,0.8111613891151542,-0.7072272900259771,-2.465090537195266,0
-1.6688549056065969,-0.33359514283070524,-1.4136713090149868,-1.7936081694556922,-0.40537160375070047,0
1.2055948133763845,-1.547144456181667,-0.4546658061604214,0.5581999136857314,0.25461406298674916,0
-0.22720896095517373,1.3115272895141101,2.1448013129517367,-0.14040945548092687,-1.2844195379263834,1
-0.31762814112013926,-1.193085510989695,0.6572667346533178,1.8461810847246358,-1.542381945774043,0
-0.583862016761546,-1.7779623331309289,-1.6051629496838458,0.3421158165836926,-0.19549750800737442,0
0.7725033592371584,-2.2049638710418593,0.1770327190172799,-0.5993809480034062,-1.3688788109606151,0
1.266101248967489,1.5688209081130933,1.456238869734033,-0.7484148415923473,0.6437100853925375,1
-2.0076692939211886,-1.857850369214308,0.5286674809396155,0.8918485745965139,-3.358355584815304,1
-0.47821825736172785,-1.2006851022365688,-0.8398637476745547,-0.6357207043186169,-0.5597075776001943,0
0.27441140965457556,-0.307375448293872,0.581037199548859,-1.980644020836352,-0.8804931671593005,0
-0.3405551458473892,0.9063295481336815,-1.602480150572075,2.41406820991527,2.35489758526665,1
1.2290059724463478,0.33146628336151107,-0.4829934322758871,0.934435249611733,1.8028483080082978,1
0.9415537058580811,1.0947362407794052,0.8109861424686251,-0.1711040977649313,0.7450107314379815,1
-0.9918198553238816,-0.4681880106579913,0.600595959601454,0.5335793307459322,-1.6316694651648915,0
0.16555885456468222,-0.9716651548164045,-0.006065453755051076,-0.15261507859757306,-0.6385814360356699,0
-0.6540468261273944,-1.2632529970859927,0.8143145175339243,-0.5606106542856046,-2.352724432704326,0
-1.8455201785270778,0.7680719536751031,-1.804987459683927,-2.8369564774472873,0.5429374622851088,0
0.9323753586840458,1.1250890487933225,1.4557979109143044,-2.089572070632077,-0.14553278583994533,1
4.698675913485885,1.1403263021392853,0.2237593811215146,-1.2777783908418943,4.070501837747384,1
-1.0535781209356632,1.5698627678246289,0.9824073526329388,-0.5271566964804866,-0.6335558258245867,1
-1.0472982914299878,-1.7805633310070554,-0.7246049750249217,-0.31246813435957266,-1.5087159318668621,0
-2.254808602089251,-1.6075212865434945,0.281038230494727,2.2137100219217043,-2.922168183435099,1
0.8865718359507413,1.2770710576517807,0.6939970420088182,-0.9800157505968754,0.8422445309249954,1
-0.46790897432432654,-2.786517023838253,1.7128331899865423,-0.6071759952746205,-4.272185538596883,0
0.19470301103896825,-0.8014921085800093,-2.2204467361393636,-0.24031810311173984,1.6724068423304617,1
-1.0614293204897214,-0.10003581751654511,-1.8824213260913214,2.7457289224419377,1.3494150901658326,1
-1.5754783195119058,-0.07996886891737376,-0.9340676517396418,-2.3084485304623645,-0.6821874224681514,0
0.6582783240200298,0.8344541185567653,0.4359016582586325,-0.7687824807982901,0.6095412070105508,1
-1.8716121259335687,-2.6668574982356557,-1.9006166094116856,1.1237615414179947,-1.464242889213922,1
0.05289736168178405,0.41959509882045887,-3.6100765544704343,3.1105114596744294,4.347730382353509,1
-3.5881682282486227,-0.687410025765747,2.92834712182609,1.5107531265109202,-5.927512868859338,1
-1.772767083261932,-2.110773812724353,-0.1978551507617442,0.6520540097065495,-2.696131461407849,1
-2.5842648862343345,0.7205139574822745,-0.6553250541874964,-3.710938042917038,-1.310678188895197,0
-0.9337339238998243,-2.026450473072262,-1.290429674146271,0.3043739150733571,-0.968542519952927,0
1.555605600668034,1.1210871913266705,0.06434086949210516,-1.622243279216236,1.758633381972854,1
-2.422986591638269,-1.2026622836999632,2.3459876819624776,1.6577217008745304,-4.841912082361583,0
-0.025224372498679815,1.9160453511262847,1.3204384945615486,-1.335445963332569,-0.027242073762357544,1
0.13175012517547358,-0.006565569633743329,-1.1871249825680146,0.11082301418602003,1.2749471859661923,1
0.4447708419533156,0.6425473301721454,0.9928498208491934,-0.3799808558656288,-0.19179606142652306,1
-0.699727043251078,-0.8181750526130854,-1.2345229588054942,1.5138941851839152,0.26076093498218067,1
-0.9590874495128339,-1.3828254618513989,-0.2901127251042427,0.2309027679279122,-1.4824444009315987,1
0.7763712702081982,-3.223212729271365,-0.13176803826208594,1.693198639020462,-1.5198341087991725,0
-0.8286622740334737,-0.18521205386871642,-2.58494387258719,2.4832814218517756,2.1125921826339553,1
-1.8819275021951465,-0.4326585577590647,1.3488340892305084,2.506299729326833,-2.735495732104562,0
0.9158175513141416,-3.47040831033876,1.0296219715158195,0.39820788494992554,-2.9275852099585533,0
-0.40987412420219416,-0.27926190609660273,-3.0382958028733342,1.2870389808939773,2.6331502561657687,1
1.8794152990967845,1.2291333156959623,-0.4007154738689902,-0.8300387745966176,2.6589195899673976,1
2.5246632083988017,0.35950115233376223,-1.199470666703391,-1.4731096802981034,3.1724015155699856,1
0.5404671614315095,-1.9418314472301947,-0.14521864216347302,0.2383693174846877,-0.9075403533308262,0
-0.7103708012071694,-0.4479373268110969,-1.9314013931927962,1.1802108536593843,1.1732079585059294,1
-1.94669547576928,-0.938676666593407,1.7996725158819458,1.3486981617199942,-3.7829950242837214,0
-2.338097054131217,-0.3009070081763835,1.7385480191411684,2.1733855066929815,-3.412423851442635,0
1.1850277005900014,-2.0484714854738857,-0.7942137731073913,1.0161582548025443,0.2507030345977532,0
1.885255115167388,1.416860658727387,0.4897172378183835,-1.6574617296738592,1.816923072112142,1
-1.001754539526306,-0.754048110967769,-2.188193577510039,2.633883982586269,1.1743508273164964,1
-3.449575774997147,0.32372986081576527,-2.3733313329471777,-2.7692454269398006,-0.4598422426498854,0
-0.28274833628522744,-1.9668219853172464,-0.12557880401927546,-0.10649714810720079,-1.6251072820759274,0
-2.010239983762345,-1.0203692094301375,1.814261142147437,1.5232596027817746,-3.8838615076071927,0
-0.05021679950172042,-0.4553868256835495,-1.7526312517093805,0.43765901115652306,1.390719835831243,1
-2.251458138355338,-2.532548636416644,3.0673527379377328,1.0474200441909753,-6.530638665829676,0
2.754944465387827,1.09932660592867,1.357074973347892,-2.4423183719733355,1.2747131514006058,1
-1.258620035819595,-1.6736724348856349,-0.2724902428995227,0.917455651549277,-1.8546570047901572,1
-1.2518559526514412,-1.4669373146339029,0.2658093363698599,-0.11907090877880422,-2.3661828559725286,1
-2.497382862586532,-1.7915071450644025,-0.20928407041165498,1.533571740018187,-2.8665658576404187,1
-2.60890904262825,0.7964835207296892,-1.185188221293782,-3.5528260667288882,-0.7290234777852018,0
-1.4193106518643195,-0.7143224508016265,-0.5454614733370244,-1.7594005444479117,-1.3540252251599314,0
-1.0378977785701853,-1.362937184472009,-1.4000379308679658,-0.42531539895403137,-0.5337541347926014,0
-1.6605134276432922,0.8778635045744285,-0.7394096140215364,-3.417528242191045,-0.35837720500395315,0
-0.12706719433163116,-0.47153183890053374,-1.883375026105016,0.2810881393219472,1.4251740450018628,1
1.9651668177140103,-0.13115831107703657,-2.087525927523746,1.1085656608098966,3.606510467732517,0
-2.1541432150803326,0.4030430540322867,1.024317750419081,2.253406027218378,-2.017501032391631,0
-0.713792743495703,-1.3414818519345004,-1.151722011920625,-0.1193140127402228,-0.4688047951507861,1
0.04868852579503313,-0.564190497392979,-0.23281573097064456,-1.3750250896319962,-0.36678601281320217,0
-0.5500612889896179,0.6199298797937558,-2.7382115594074516,3.0851589045432948,3.183014434206604,1
-2.777185670046103,-1.9994200636682236,-1.6928485026304454,-0.37371911490205845,-2.0604524482242197,0
-1.5640973312813804,-0.9929826795017858,-0.8941298778113044,0.7959766202616794,-0.9716199886090958,1
-0.454509352279155,-2.6076235506284404,1.6123188048724892,-1.0172517163540293,-4.084274656344226,0
-0.14359934503849847,0.762521120600056,2.447547294864627,0.12050186895965931,-1.9031034901418455,1
1.503111406341814,-1.3064314687523864,0.8567036630047851,-0.5545097554194425,-0.7768517871040589,0
0.8737418423486648,3.2050481878009216,3.432687876213702,-2.8874098037016562,-0.6381682323236908,1
-0.7826328997795747,-1.5124055133925798,1.0592901422866934,1.1322586415648637,-2.6405807023939545,0
-0.5864184965431973,-1.1861979716883608,-1.1374949510475572,-0.537013754906636,-0.3254670193609679,0
-0.4503335466766084,0.31670523902473113,-1.5327820504086171,2.135234227397623,1.707990905083915,1
-0.03420466532934485,1.1488313878367769,0.1897015946624412,-0.507141546776309,0.6011189374089514,1
-2.318759539209907,-2.2531554208191875,-1.0624176897408262,1.9231033201149026,-2.1940416055274343,1
-0.054147838945494575,1.0582354205812372,-3.499756272322136,2.9481324610909754,4.626937991917477,1
-0.5199626169963909,-0.16924627013624705,-1.7258266749645577,1.7540494960763848,1.4145448505424114,1
-1.2467850564871141,0.22202768753382673,-0.5170275192529596,-2.710363755563497,-0.664229838971108,0
-0.4574400437844026,0.3759812805124638,-1.5055853269933646,0.7197211572351155,1.5186875996789004,1
-0.1402184407555931,-2.0348885265278303,-0.0546150734557147,-0.03599417218511314,-1.6280210247402531,0
-2.731934049321291,0.8233968503881901,-0.5100620141063681,-4.017998895066551,-1.530657645721415,0
-0.28492000028378284,2.122755259361967,1.6905632724200101,-2.479850660959107,-0.5932380129426051,1
-2.607970471506654,-2.0880721923915253,-1.015649000087798,-0.5874005417676713,-2.6936691887005613,0
1.6528199132994792,0.19340245744429752,1.2319742886987566,-1.612960075833891,-0.025296165433244422,1
-2.4438334947943323,-1.9983104670238503,-1.8319839061898806,1.7953402088906472,-1.3573416716794484,1
-0.6012774192272594,-0.5719407437419803,0.4444956597810912,0.1957810342253402,-1.3084320890875714,0
-1.5097954225112877,-2.09247603470087,2.2330895778257664,1.249351222151222,-4.777544172058954,0
-0.9360117372322583,-1.8643403603270279,-1.3258704547978448,0.12392201656398683,-0.8364164159408765,1
0.7129674726392525,0.868352881347607,0.08833264916229899,-0.6011581932490565,1.0421490828822346,1
-0.8772459644635244,-1.9441144069621497,-1.01243233567751,0.05005539340758447,-1.170738731293282,0
4.244711745600345,-0.6795968431024568,-1.331732429420882,-1.5077595153975447,3.8113046001729334,1
-2.7070337508317452,1.8040468991159009,1.7904671048685135,-1.690064636263274,-2.6761588695874785,1
0.7917915049179405,-0.2920013547696101,0.315246701666684,-1.6813556884268959,-0.1695616528361722,0
-2.0055131920344227,1.0967991660434198,0.48550300672794255,1.1854235330657155,-0.9939339634053564,0
-0.6062957627015153,-0.6188135215971946,0.44489868101026886,0.6459147839892463,-1.2842794825088455,0
0.48584740144461613,0.126634154246692,-1.1483787620023915,-1.1616708639651128,1.428087754296248,0
-1.5939542425816615,-0.23941988907813294,-1.2069803032006252,-1.9478487340381379,-0.5001303471458105,0
2.0550557352559813,1.5044542853437832,1.2830148891054622,-1.0872854095402225,1.3186588232237386,1
-1.1196269305674387,-2.7380419582532305,-2.1065710694895277,1.4114022921472498,-0.7009358618170785,0
-1.3242420971065605,-0.25129600122357765,0.5981127423566579,1.5493482596822261,-1.570610722111479,1
-0.792842085183445,-2.8015515815224834,-1.2112940031339086,1.1230894381618688,-1.4186630464400154,0
0.1467329020390974,-0.4628323645887866,0.33429825100033694,0.015577094913128642,-0.5700469866762015,1
1.2684438556414337,-0.5614900587322442,-0.807542963928194,-2.763428433845075,0.9323699661500795,1
-0.36077897201709985,0.9600224594872315,-2.4416922549703304,2.580375915556135,3.2270855380722256,1
0.8697635827985503,1.4628139422808002,0.5026383315568816,-3.479180490865616,0.801872017746361,1
0.7548358616845348,1.766793759538821,2.0879575072496417,-1.4683094726073769,-0.3169280623805619,1
-0.9241181001615896,-1.661743521479746,1.4004687545658803,3.3334164488299636,-2.882743432668649,0
-0.7420507464750213,-1.380097997658326,-0.5787780057332621,-0.7022872722311673,-1.1652416097529836,0
0.9909739294744293,-1.7832717451883044,-0.10446822115564691,1.4917800944349204,-0.3009645259444499,0
0.6464792951683883,1.2450721881255955,-0.2674273370117206,-0.45808922174787103,1.6509405017287815,1
0.7980369928366187,1.6095767209039247,1.0571351096207091,-2.280945864702745,0.4885666851957209,1
-2.3219537903259764,-0.15263116550954603,-1.0959750342381516,-2.4519457612459794,-1.171042424086068,0
2.1517702474681455,2.1574096726117657,2.106584700480571,-1.468552060261557,1.0343952914361383,1
1.7403373016389527,0.46039232527417473,1.1279649226520103,0.796895353218759,0.6949181522964426,1
-0.7888275287593806,-0.6204016641506258,-0.07475723805354284,0.7501250648679955,-0.9009164445870058,1
-1.1837410742018157,-0.48772747399536254,-1.4862684256086125,-1.3588481590417962,-0.01973210173106077,0
0.1979296818666969,-2.836654886191442,1.2843688018023365,1.8342377621094945,-3.0317203748395025,0
-2.935887008593503,-0.6742027115504745,2.3450923704767703,-0.43589021328022426,-5.125940708317647,0
-2.464956996509635,-0.8706465757737373,2.1955342363811097,2.012856097359765,-4.419635721437583,0
-0.6796127680341695,-0.4319751946293061,-0.08007402546195419,-1.9881340322349803,-1.059428119966788,0
0.07988439758483867,-1.254263746920441,0.09958719757908696,-0.8473014555044069,-1.1251500257846079,0
-0.7550297833291912,-1.2632632448065475,-0.22678413837924483,-0.04865633618643206,-1.3363183273996855,1
-0.971858543865374,-1.296171717570487,1.2884573466284652,3.2401254224723535,-2.540962023214334,0
-2.7062090256153026,0.5651635067438172,-1.7939443023286663,-2.991175326275805,-0.30473024958879646,0
0.3457593507760791,1.5892198224507452,0.09857959771552638,-2.3015516210871976,1.0633692944790987,1
-0.017394853472133653,0.6963321924210872,-0.9522210974927541,0.4723097995413412,1.5245171243563318,0
-1.6005221270809915,0.5163130442459289,0.444891899864056,2.9926872051236124,-0.8329298633838804,0
-1.2243492432740994,-2.0709775277158737,-0.6590382833073769,0.03580640086999831,-1.882397761584599,1
-0.7919688930491077,-0.5256810674334955,-0.46497302493207726,1.0618779589899494,-0.4031826346212044,1
-0.32950193297436625,-0.5878367390282486,0.11596976009507431,-1.2322226136717802,-0.995597764202048,0
-0.5266638852343557,0.854950738727722,2.6676152526085866,0.6690843325604017,-2.2618225293947267,1
